Code INSEE,Feu en été,Année
4001,0,2006
4004,0,2006
4005,0,2006
4006,0,2006
4007,0,2006
4008,0,2006
4009,0,2006
4012,0,2006
4013,0,2006
4016,0,2006
4017,0,2006
4018,0,2006
4019,0,2006
4020,0,2006
4021,0,2006
4022,0,2006
4023,0,2006
4024,0,2006
4025,0,2006
4026,0,2006
4027,0,2006
4028,0,2006
4030,0,2006
4031,0,2006
4032,0,2006
4033,0,2006
4034,0,2006
4035,0,2006
4036,0,2006
4037,0,2006
4039,0,2006
4040,0,2006
4041,0,2006
4042,0,2006
4043,0,2006
4045,0,2006
4046,0,2006
4047,0,2006
4049,0,2006
4050,0,2006
4051,0,2006
4053,0,2006
4054,0,2006
4055,0,2006
4057,0,2006
4058,0,2006
4059,0,2006
4061,0,2006
4062,0,2006
4063,0,2006
4065,0,2006
4066,0,2006
4067,0,2006
4068,0,2006
4069,0,2006
4070,0,2006
4072,0,2006
4073,0,2006
4074,0,2006
4075,0,2006
4076,0,2006
4077,0,2006
4079,0,2006
4081,0,2006
4084,0,2006
4085,0,2006
4086,0,2006
4087,0,2006
4088,0,2006
4090,0,2006
4091,0,2006
4092,0,2006
4093,0,2006
4094,0,2006
4095,0,2006
4096,0,2006
4097,0,2006
4099,0,2006
40001,0,2006
40002,0,2006
40003,0,2006
40004,0,2006
40005,0,2006
40006,1,2006
40007,0,2006
40008,0,2006
40009,0,2006
40011,0,2006
40012,0,2006
40013,0,2006
40014,1,2006
40015,0,2006
40016,0,2006
40017,0,2006
40018,0,2006
40019,0,2006
40020,0,2006
40021,1,2006
40022,0,2006
40023,0,2006
40024,0,2006
40025,0,2006
40026,0,2006
40027,0,2006
40028,0,2006
40029,0,2006
40030,0,2006
40031,0,2006
40032,0,2006
40033,0,2006
40034,0,2006
40035,0,2006
40036,1,2006
40037,1,2006
40038,0,2006
40039,0,2006
40040,0,2006
40041,0,2006
40042,0,2006
40043,1,2006
40044,0,2006
40046,1,2006
40047,0,2006
40048,0,2006
40049,0,2006
40050,1,2006
40051,1,2006
40052,1,2006
40053,0,2006
40054,0,2006
40055,0,2006
40056,0,2006
40057,0,2006
40058,0,2006
40059,0,2006
40060,1,2006
40061,0,2006
40062,0,2006
40063,0,2006
40064,0,2006
40065,0,2006
40066,0,2006
40067,0,2006
40068,0,2006
40069,0,2006
40070,0,2006
40071,0,2006
40072,0,2006
40073,0,2006
40074,0,2006
40075,1,2006
40076,0,2006
40077,0,2006
40078,0,2006
40079,0,2006
40080,1,2006
40081,0,2006
40082,0,2006
40083,0,2006
40084,0,2006
40085,1,2006
40086,0,2006
40087,0,2006
40088,0,2006
40089,0,2006
40090,0,2006
40091,0,2006
40092,0,2006
40093,0,2006
40094,1,2006
40095,0,2006
40096,0,2006
40097,0,2006
40098,0,2006
40099,0,2006
40100,0,2006
40101,0,2006
40102,0,2006
40103,0,2006
40104,0,2006
40105,1,2006
40106,0,2006
40107,1,2006
40108,0,2006
40109,0,2006
40110,0,2006
40111,0,2006
40112,0,2006
40113,0,2006
40114,1,2006
40115,0,2006
40116,0,2006
40117,0,2006
40118,0,2006
40119,0,2006
40120,0,2006
40121,0,2006
40122,1,2006
40123,1,2006
40124,0,2006
40125,0,2006
40126,0,2006
40127,0,2006
40128,0,2006
40129,0,2006
40130,0,2006
40131,0,2006
40132,0,2006
40133,0,2006
40134,1,2006
40135,1,2006
40136,0,2006
40137,0,2006
40138,0,2006
40139,0,2006
40140,0,2006
40141,0,2006
40142,1,2006
40143,1,2006
40144,0,2006
40145,0,2006
40146,0,2006
40147,0,2006
40148,0,2006
40149,1,2006
40150,1,2006
40151,1,2006
40152,1,2006
40153,0,2006
40154,0,2006
40155,1,2006
40156,0,2006
40157,1,2006
40158,1,2006
40159,0,2006
40160,0,2006
40161,0,2006
40162,1,2006
40163,1,2006
40164,1,2006
40165,0,2006
40166,0,2006
40167,1,2006
40168,1,2006
40169,1,2006
40170,1,2006
40171,1,2006
40172,0,2006
40173,0,2006
40174,0,2006
40175,0,2006
40176,0,2006
40177,0,2006
40178,1,2006
40179,0,2006
40180,0,2006
40181,0,2006
40182,1,2006
40183,0,2006
40184,1,2006
40185,0,2006
40186,0,2006
40187,0,2006
40188,0,2006
40189,0,2006
40190,0,2006
40191,0,2006
40192,1,2006
40193,0,2006
40194,0,2006
40195,0,2006
40196,0,2006
40197,1,2006
40198,0,2006
40199,0,2006
40200,0,2006
40201,0,2006
40202,0,2006
40203,0,2006
40204,0,2006
40205,0,2006
40206,0,2006
40207,0,2006
40208,0,2006
40209,0,2006
40210,1,2006
40211,0,2006
40212,0,2006
40213,0,2006
40214,0,2006
40215,0,2006
40216,0,2006
40217,1,2006
40218,0,2006
40219,0,2006
40220,0,2006
40221,0,2006
40222,0,2006
40223,0,2006
40224,0,2006
40225,0,2006
40226,0,2006
40227,1,2006
40228,0,2006
40229,1,2006
40230,0,2006
40231,0,2006
40232,0,2006
40233,0,2006
40234,0,2006
40235,0,2006
40236,0,2006
40237,0,2006
40238,0,2006
40239,0,2006
40240,0,2006
40242,0,2006
40243,1,2006
40244,1,2006
40245,0,2006
40246,1,2006
40247,0,2006
40248,0,2006
40249,0,2006
40250,0,2006
40251,0,2006
40252,0,2006
40253,0,2006
40254,0,2006
40255,0,2006
40256,0,2006
40257,1,2006
40258,0,2006
40259,0,2006
40260,0,2006
40261,0,2006
40262,1,2006
40263,0,2006
40264,0,2006
40265,0,2006
40266,1,2006
40267,1,2006
40268,0,2006
40269,0,2006
40270,0,2006
40271,0,2006
40272,0,2006
40273,0,2006
40274,0,2006
40275,0,2006
40276,0,2006
40277,0,2006
40278,0,2006
40279,1,2006
40280,0,2006
40281,1,2006
40282,0,2006
40283,1,2006
40284,0,2006
40285,0,2006
40286,0,2006
40287,1,2006
40288,1,2006
40289,0,2006
40290,0,2006
40291,0,2006
40292,0,2006
40293,0,2006
40294,0,2006
40295,1,2006
40296,0,2006
40297,1,2006
40298,0,2006
40299,0,2006
40300,0,2006
40301,0,2006
40302,1,2006
40303,1,2006
40304,0,2006
40305,0,2006
40306,0,2006
40307,1,2006
40308,0,2006
40309,1,2006
40310,1,2006
40311,1,2006
40312,1,2006
40313,0,2006
40314,0,2006
40315,1,2006
40316,0,2006
40317,0,2006
40318,0,2006
40319,1,2006
40320,1,2006
40321,0,2006
40322,0,2006
40323,0,2006
40324,0,2006
40325,0,2006
40326,1,2006
40327,0,2006
40328,0,2006
40329,0,2006
40330,0,2006
40331,0,2006
40332,1,2006
40333,0,2006
40334,0,2006
4001,0,2007
4004,0,2007
4005,0,2007
4006,0,2007
4007,0,2007
4008,0,2007
4009,0,2007
4012,0,2007
4013,0,2007
4016,0,2007
4017,0,2007
4018,0,2007
4019,0,2007
4020,0,2007
4021,0,2007
4022,0,2007
4023,0,2007
4024,0,2007
4025,0,2007
4026,0,2007
4027,0,2007
4028,0,2007
4030,0,2007
4031,0,2007
4032,0,2007
4033,0,2007
4034,0,2007
4035,0,2007
4036,0,2007
4037,0,2007
4039,0,2007
4040,0,2007
4041,0,2007
4042,0,2007
4043,0,2007
4045,0,2007
4046,0,2007
4047,0,2007
4049,0,2007
4050,0,2007
4051,0,2007
4053,0,2007
4054,0,2007
4055,0,2007
4057,0,2007
4058,0,2007
4059,0,2007
4061,0,2007
4062,0,2007
4063,0,2007
4065,0,2007
4066,0,2007
4067,0,2007
4068,0,2007
4069,0,2007
4070,0,2007
4072,0,2007
4073,0,2007
4074,0,2007
4075,0,2007
4076,0,2007
4077,0,2007
4079,0,2007
4081,0,2007
4084,0,2007
4085,0,2007
4086,0,2007
4087,0,2007
4088,0,2007
4090,0,2007
4091,0,2007
4092,0,2007
4093,0,2007
4094,0,2007
4095,0,2007
4096,0,2007
4097,0,2007
4099,0,2007
40001,0,2007
40002,0,2007
40003,0,2007
40004,0,2007
40005,0,2007
40006,0,2007
40007,0,2007
40008,0,2007
40009,1,2007
40011,0,2007
40012,0,2007
40013,0,2007
40014,0,2007
40015,0,2007
40016,0,2007
40017,0,2007
40018,0,2007
40019,0,2007
40020,0,2007
40021,0,2007
40022,0,2007
40023,0,2007
40024,0,2007
40025,0,2007
40026,0,2007
40027,0,2007
40028,0,2007
40029,0,2007
40030,0,2007
40031,0,2007
40032,0,2007
40033,0,2007
40034,0,2007
40035,0,2007
40036,0,2007
40037,0,2007
40038,0,2007
40039,0,2007
40040,0,2007
40041,0,2007
40042,0,2007
40043,0,2007
40044,0,2007
40046,1,2007
40047,0,2007
40048,0,2007
40049,0,2007
40050,0,2007
40051,0,2007
40052,0,2007
40053,0,2007
40054,0,2007
40055,0,2007
40056,0,2007
40057,0,2007
40058,0,2007
40059,0,2007
40060,0,2007
40061,0,2007
40062,0,2007
40063,0,2007
40064,0,2007
40065,0,2007
40066,0,2007
40067,0,2007
40068,0,2007
40069,0,2007
40070,0,2007
40071,0,2007
40072,0,2007
40073,0,2007
40074,0,2007
40075,0,2007
40076,0,2007
40077,0,2007
40078,0,2007
40079,0,2007
40080,0,2007
40081,0,2007
40082,0,2007
40083,0,2007
40084,0,2007
40085,0,2007
40086,0,2007
40087,0,2007
40088,0,2007
40089,0,2007
40090,0,2007
40091,0,2007
40092,0,2007
40093,0,2007
40094,1,2007
40095,0,2007
40096,0,2007
40097,0,2007
40098,0,2007
40099,0,2007
40100,0,2007
40101,0,2007
40102,0,2007
40103,0,2007
40104,0,2007
40105,1,2007
40106,0,2007
40107,0,2007
40108,1,2007
40109,0,2007
40110,0,2007
40111,0,2007
40112,0,2007
40113,0,2007
40114,0,2007
40115,0,2007
40116,0,2007
40117,0,2007
40118,0,2007
40119,0,2007
40120,0,2007
40121,0,2007
40122,0,2007
40123,0,2007
40124,0,2007
40125,0,2007
40126,0,2007
40127,0,2007
40128,0,2007
40129,0,2007
40130,0,2007
40131,0,2007
40132,0,2007
40133,0,2007
40134,0,2007
40135,0,2007
40136,0,2007
40137,0,2007
40138,0,2007
40139,0,2007
40140,0,2007
40141,0,2007
40142,0,2007
40143,0,2007
40144,0,2007
40145,0,2007
40146,0,2007
40147,0,2007
40148,0,2007
40149,0,2007
40150,0,2007
40151,0,2007
40152,0,2007
40153,0,2007
40154,0,2007
40155,0,2007
40156,0,2007
40157,1,2007
40158,0,2007
40159,0,2007
40160,0,2007
40161,0,2007
40162,0,2007
40163,0,2007
40164,0,2007
40165,0,2007
40166,0,2007
40167,0,2007
40168,1,2007
40169,0,2007
40170,0,2007
40171,0,2007
40172,0,2007
40173,0,2007
40174,0,2007
40175,0,2007
40176,0,2007
40177,0,2007
40178,0,2007
40179,0,2007
40180,0,2007
40181,0,2007
40182,0,2007
40183,0,2007
40184,1,2007
40185,0,2007
40186,0,2007
40187,1,2007
40188,0,2007
40189,0,2007
40190,0,2007
40191,0,2007
40192,0,2007
40193,0,2007
40194,0,2007
40195,0,2007
40196,0,2007
40197,0,2007
40198,0,2007
40199,0,2007
40200,1,2007
40201,0,2007
40202,0,2007
40203,0,2007
40204,0,2007
40205,0,2007
40206,0,2007
40207,0,2007
40208,0,2007
40209,0,2007
40210,0,2007
40211,0,2007
40212,0,2007
40213,0,2007
40214,0,2007
40215,0,2007
40216,0,2007
40217,0,2007
40218,0,2007
40219,0,2007
40220,0,2007
40221,0,2007
40222,0,2007
40223,0,2007
40224,0,2007
40225,0,2007
40226,0,2007
40227,0,2007
40228,0,2007
40229,1,2007
40230,0,2007
40231,0,2007
40232,0,2007
40233,1,2007
40234,0,2007
40235,0,2007
40236,0,2007
40237,0,2007
40238,0,2007
40239,0,2007
40240,0,2007
40242,0,2007
40243,0,2007
40244,0,2007
40245,0,2007
40246,0,2007
40247,0,2007
40248,0,2007
40249,0,2007
40250,0,2007
40251,0,2007
40252,0,2007
40253,0,2007
40254,0,2007
40255,0,2007
40256,0,2007
40257,0,2007
40258,0,2007
40259,0,2007
40260,0,2007
40261,0,2007
40262,1,2007
40263,0,2007
40264,0,2007
40265,0,2007
40266,0,2007
40267,0,2007
40268,0,2007
40269,0,2007
40270,0,2007
40271,0,2007
40272,0,2007
40273,0,2007
40274,0,2007
40275,0,2007
40276,0,2007
40277,0,2007
40278,0,2007
40279,0,2007
40280,0,2007
40281,0,2007
40282,0,2007
40283,0,2007
40284,0,2007
40285,0,2007
40286,0,2007
40287,1,2007
40288,0,2007
40289,0,2007
40290,0,2007
40291,0,2007
40292,0,2007
40293,0,2007
40294,0,2007
40295,0,2007
40296,0,2007
40297,0,2007
40298,0,2007
40299,0,2007
40300,0,2007
40301,0,2007
40302,0,2007
40303,0,2007
40304,0,2007
40305,0,2007
40306,0,2007
40307,0,2007
40308,0,2007
40309,0,2007
40310,0,2007
40311,0,2007
40312,0,2007
40313,0,2007
40314,0,2007
40315,0,2007
40316,0,2007
40317,0,2007
40318,0,2007
40319,0,2007
40320,0,2007
40321,0,2007
40322,0,2007
40323,0,2007
40324,0,2007
40325,0,2007
40326,1,2007
40327,0,2007
40328,0,2007
40329,0,2007
40330,0,2007
40331,0,2007
40332,1,2007
40333,0,2007
40334,0,2007
4001,0,2008
4004,0,2008
4005,0,2008
4006,0,2008
4007,0,2008
4008,0,2008
4009,0,2008
4012,0,2008
4013,0,2008
4016,0,2008
4017,0,2008
4018,0,2008
4019,0,2008
4020,0,2008
4021,0,2008
4022,0,2008
4023,0,2008
4024,0,2008
4025,0,2008
4026,0,2008
4027,0,2008
4028,0,2008
4030,0,2008
4031,0,2008
4032,0,2008
4033,0,2008
4034,0,2008
4035,0,2008
4036,0,2008
4037,0,2008
4039,0,2008
4040,0,2008
4041,0,2008
4042,0,2008
4043,0,2008
4045,0,2008
4046,0,2008
4047,0,2008
4049,0,2008
4050,0,2008
4051,0,2008
4053,0,2008
4054,0,2008
4055,0,2008
4057,0,2008
4058,0,2008
4059,0,2008
4061,0,2008
4062,0,2008
4063,0,2008
4065,0,2008
4066,0,2008
4067,0,2008
4068,0,2008
4069,0,2008
4070,0,2008
4072,0,2008
4073,0,2008
4074,0,2008
4075,0,2008
4076,0,2008
4077,0,2008
4079,0,2008
4081,0,2008
4084,0,2008
4085,0,2008
4086,0,2008
4087,0,2008
4088,0,2008
4090,0,2008
4091,0,2008
4092,0,2008
4093,0,2008
4094,0,2008
4095,0,2008
4096,0,2008
4097,0,2008
4099,0,2008
40001,0,2008
40002,0,2008
40003,0,2008
40004,0,2008
40005,0,2008
40006,0,2008
40007,0,2008
40008,1,2008
40009,0,2008
40011,0,2008
40012,0,2008
40013,0,2008
40014,1,2008
40015,0,2008
40016,0,2008
40017,0,2008
40018,0,2008
40019,0,2008
40020,0,2008
40021,0,2008
40022,0,2008
40023,0,2008
40024,0,2008
40025,0,2008
40026,0,2008
40027,0,2008
40028,0,2008
40029,0,2008
40030,0,2008
40031,0,2008
40032,0,2008
40033,0,2008
40034,0,2008
40035,0,2008
40036,0,2008
40037,0,2008
40038,0,2008
40039,0,2008
40040,0,2008
40041,0,2008
40042,0,2008
40043,0,2008
40044,0,2008
40046,1,2008
40047,0,2008
40048,0,2008
40049,0,2008
40050,0,2008
40051,0,2008
40052,0,2008
40053,1,2008
40054,0,2008
40055,0,2008
40056,0,2008
40057,0,2008
40058,1,2008
40059,0,2008
40060,0,2008
40061,0,2008
40062,0,2008
40063,0,2008
40064,1,2008
40065,0,2008
40066,0,2008
40067,0,2008
40068,0,2008
40069,0,2008
40070,0,2008
40071,0,2008
40072,0,2008
40073,0,2008
40074,0,2008
40075,0,2008
40076,0,2008
40077,0,2008
40078,0,2008
40079,0,2008
40080,0,2008
40081,0,2008
40082,0,2008
40083,0,2008
40084,0,2008
40085,1,2008
40086,0,2008
40087,0,2008
40088,0,2008
40089,0,2008
40090,0,2008
40091,0,2008
40092,0,2008
40093,0,2008
40094,0,2008
40095,0,2008
40096,1,2008
40097,0,2008
40098,0,2008
40099,0,2008
40100,0,2008
40101,0,2008
40102,0,2008
40103,0,2008
40104,0,2008
40105,0,2008
40106,0,2008
40107,0,2008
40108,0,2008
40109,0,2008
40110,0,2008
40111,0,2008
40112,0,2008
40113,0,2008
40114,0,2008
40115,0,2008
40116,0,2008
40117,0,2008
40118,0,2008
40119,0,2008
40120,0,2008
40121,0,2008
40122,0,2008
40123,0,2008
40124,0,2008
40125,0,2008
40126,0,2008
40127,0,2008
40128,0,2008
40129,0,2008
40130,0,2008
40131,0,2008
40132,0,2008
40133,0,2008
40134,1,2008
40135,0,2008
40136,0,2008
40137,0,2008
40138,0,2008
40139,0,2008
40140,0,2008
40141,0,2008
40142,0,2008
40143,0,2008
40144,0,2008
40145,0,2008
40146,0,2008
40147,0,2008
40148,0,2008
40149,0,2008
40150,1,2008
40151,0,2008
40152,0,2008
40153,0,2008
40154,0,2008
40155,0,2008
40156,0,2008
40157,1,2008
40158,1,2008
40159,0,2008
40160,0,2008
40161,1,2008
40162,1,2008
40163,0,2008
40164,0,2008
40165,1,2008
40166,0,2008
40167,0,2008
40168,0,2008
40169,0,2008
40170,0,2008
40171,0,2008
40172,0,2008
40173,0,2008
40174,0,2008
40175,0,2008
40176,0,2008
40177,0,2008
40178,0,2008
40179,0,2008
40180,0,2008
40181,1,2008
40182,0,2008
40183,0,2008
40184,1,2008
40185,0,2008
40186,0,2008
40187,0,2008
40188,0,2008
40189,0,2008
40190,0,2008
40191,0,2008
40192,1,2008
40193,0,2008
40194,0,2008
40195,0,2008
40196,0,2008
40197,1,2008
40198,0,2008
40199,0,2008
40200,0,2008
40201,0,2008
40202,0,2008
40203,0,2008
40204,0,2008
40205,0,2008
40206,0,2008
40207,0,2008
40208,0,2008
40209,1,2008
40210,1,2008
40211,0,2008
40212,0,2008
40213,0,2008
40214,0,2008
40215,0,2008
40216,0,2008
40217,1,2008
40218,0,2008
40219,0,2008
40220,0,2008
40221,0,2008
40222,0,2008
40223,0,2008
40224,0,2008
40225,0,2008
40226,0,2008
40227,0,2008
40228,0,2008
40229,1,2008
40230,1,2008
40231,0,2008
40232,0,2008
40233,0,2008
40234,0,2008
40235,0,2008
40236,0,2008
40237,0,2008
40238,0,2008
40239,0,2008
40240,0,2008
40242,0,2008
40243,0,2008
40244,0,2008
40245,0,2008
40246,0,2008
40247,0,2008
40248,0,2008
40249,0,2008
40250,0,2008
40251,0,2008
40252,0,2008
40253,0,2008
40254,0,2008
40255,0,2008
40256,0,2008
40257,0,2008
40258,0,2008
40259,0,2008
40260,0,2008
40261,0,2008
40262,0,2008
40263,0,2008
40264,0,2008
40265,0,2008
40266,1,2008
40267,0,2008
40268,0,2008
40269,0,2008
40270,0,2008
40271,0,2008
40272,0,2008
40273,0,2008
40274,0,2008
40275,0,2008
40276,0,2008
40277,0,2008
40278,0,2008
40279,0,2008
40280,0,2008
40281,0,2008
40282,0,2008
40283,1,2008
40284,0,2008
40285,0,2008
40286,0,2008
40287,1,2008
40288,0,2008
40289,0,2008
40290,0,2008
40291,0,2008
40292,0,2008
40293,0,2008
40294,0,2008
40295,1,2008
40296,0,2008
40297,0,2008
40298,0,2008
40299,0,2008
40300,0,2008
40301,0,2008
40302,1,2008
40303,1,2008
40304,0,2008
40305,0,2008
40306,0,2008
40307,0,2008
40308,0,2008
40309,0,2008
40310,0,2008
40311,0,2008
40312,0,2008
40313,0,2008
40314,0,2008
40315,0,2008
40316,0,2008
40317,0,2008
40318,0,2008
40319,0,2008
40320,0,2008
40321,0,2008
40322,0,2008
40323,1,2008
40324,0,2008
40325,0,2008
40326,1,2008
40327,0,2008
40328,0,2008
40329,0,2008
40330,0,2008
40331,0,2008
40332,1,2008
40333,0,2008
40334,0,2008
4001,0,2009
4004,0,2009
4005,0,2009
4006,0,2009
4007,0,2009
4008,0,2009
4009,0,2009
4012,0,2009
4013,0,2009
4016,0,2009
4017,0,2009
4018,0,2009
4019,0,2009
4020,0,2009
4021,0,2009
4022,0,2009
4023,0,2009
4024,0,2009
4025,0,2009
4026,0,2009
4027,0,2009
4028,0,2009
4030,0,2009
4031,0,2009
4032,0,2009
4033,0,2009
4034,0,2009
4035,0,2009
4036,0,2009
4037,0,2009
4039,0,2009
4040,0,2009
4041,0,2009
4042,0,2009
4043,0,2009
4045,0,2009
4046,0,2009
4047,0,2009
4049,0,2009
4050,0,2009
4051,0,2009
4053,0,2009
4054,0,2009
4055,0,2009
4057,0,2009
4058,0,2009
4059,0,2009
4061,0,2009
4062,0,2009
4063,0,2009
4065,0,2009
4066,0,2009
4067,0,2009
4068,0,2009
4069,0,2009
4070,0,2009
4072,0,2009
4073,0,2009
4074,0,2009
4075,0,2009
4076,0,2009
4077,0,2009
4079,0,2009
4081,0,2009
4084,0,2009
4085,0,2009
4086,0,2009
4087,0,2009
4088,0,2009
4090,0,2009
4091,0,2009
4092,0,2009
4093,0,2009
4094,0,2009
4095,0,2009
4096,0,2009
4097,0,2009
4099,0,2009
40001,1,2009
40002,0,2009
40003,0,2009
40004,0,2009
40005,0,2009
40006,1,2009
40007,0,2009
40008,0,2009
40009,0,2009
40011,0,2009
40012,0,2009
40013,0,2009
40014,1,2009
40015,0,2009
40016,0,2009
40017,0,2009
40018,0,2009
40019,0,2009
40020,0,2009
40021,0,2009
40022,0,2009
40023,0,2009
40024,0,2009
40025,0,2009
40026,0,2009
40027,0,2009
40028,0,2009
40029,0,2009
40030,0,2009
40031,0,2009
40032,0,2009
40033,0,2009
40034,0,2009
40035,0,2009
40036,0,2009
40037,0,2009
40038,0,2009
40039,0,2009
40040,0,2009
40041,0,2009
40042,0,2009
40043,0,2009
40044,0,2009
40046,1,2009
40047,0,2009
40048,0,2009
40049,0,2009
40050,0,2009
40051,0,2009
40052,0,2009
40053,1,2009
40054,0,2009
40055,0,2009
40056,0,2009
40057,0,2009
40058,0,2009
40059,0,2009
40060,0,2009
40061,1,2009
40062,1,2009
40063,0,2009
40064,1,2009
40065,0,2009
40066,0,2009
40067,0,2009
40068,0,2009
40069,0,2009
40070,0,2009
40071,0,2009
40072,0,2009
40073,0,2009
40074,0,2009
40075,0,2009
40076,0,2009
40077,0,2009
40078,0,2009
40079,0,2009
40080,0,2009
40081,0,2009
40082,0,2009
40083,0,2009
40084,0,2009
40085,0,2009
40086,0,2009
40087,1,2009
40088,0,2009
40089,0,2009
40090,0,2009
40091,1,2009
40092,0,2009
40093,1,2009
40094,1,2009
40095,0,2009
40096,1,2009
40097,0,2009
40098,0,2009
40099,0,2009
40100,0,2009
40101,0,2009
40102,0,2009
40103,0,2009
40104,0,2009
40105,1,2009
40106,0,2009
40107,0,2009
40108,1,2009
40109,0,2009
40110,0,2009
40111,0,2009
40112,0,2009
40113,0,2009
40114,1,2009
40115,0,2009
40116,0,2009
40117,0,2009
40118,0,2009
40119,1,2009
40120,0,2009
40121,0,2009
40122,1,2009
40123,1,2009
40124,0,2009
40125,1,2009
40126,0,2009
40127,0,2009
40128,0,2009
40129,0,2009
40130,0,2009
40131,0,2009
40132,0,2009
40133,0,2009
40134,1,2009
40135,0,2009
40136,0,2009
40137,0,2009
40138,0,2009
40139,0,2009
40140,1,2009
40141,0,2009
40142,1,2009
40143,1,2009
40144,0,2009
40145,0,2009
40146,0,2009
40147,0,2009
40148,0,2009
40149,1,2009
40150,1,2009
40151,0,2009
40152,0,2009
40153,0,2009
40154,0,2009
40155,0,2009
40156,0,2009
40157,0,2009
40158,1,2009
40159,0,2009
40160,0,2009
40161,1,2009
40162,0,2009
40163,0,2009
40164,1,2009
40165,1,2009
40166,0,2009
40167,1,2009
40168,1,2009
40169,0,2009
40170,0,2009
40171,0,2009
40172,0,2009
40173,0,2009
40174,0,2009
40175,0,2009
40176,0,2009
40177,0,2009
40178,1,2009
40179,0,2009
40180,1,2009
40181,0,2009
40182,1,2009
40183,0,2009
40184,0,2009
40185,0,2009
40186,0,2009
40187,1,2009
40188,0,2009
40189,0,2009
40190,0,2009
40191,0,2009
40192,1,2009
40193,0,2009
40194,1,2009
40195,0,2009
40196,0,2009
40197,0,2009
40198,0,2009
40199,0,2009
40200,1,2009
40201,0,2009
40202,0,2009
40203,0,2009
40204,0,2009
40205,0,2009
40206,0,2009
40207,0,2009
40208,0,2009
40209,0,2009
40210,1,2009
40211,1,2009
40212,0,2009
40213,0,2009
40214,0,2009
40215,1,2009
40216,0,2009
40217,0,2009
40218,0,2009
40219,0,2009
40220,0,2009
40221,0,2009
40222,0,2009
40223,0,2009
40224,0,2009
40225,0,2009
40226,0,2009
40227,1,2009
40228,0,2009
40229,0,2009
40230,1,2009
40231,0,2009
40232,0,2009
40233,0,2009
40234,0,2009
40235,0,2009
40236,0,2009
40237,0,2009
40238,0,2009
40239,0,2009
40240,0,2009
40242,0,2009
40243,1,2009
40244,0,2009
40245,0,2009
40246,1,2009
40247,0,2009
40248,0,2009
40249,0,2009
40250,1,2009
40251,0,2009
40252,0,2009
40253,0,2009
40254,0,2009
40255,0,2009
40256,0,2009
40257,0,2009
40258,0,2009
40259,0,2009
40260,0,2009
40261,0,2009
40262,1,2009
40263,0,2009
40264,0,2009
40265,1,2009
40266,1,2009
40267,1,2009
40268,0,2009
40269,0,2009
40270,1,2009
40271,0,2009
40272,0,2009
40273,0,2009
40274,1,2009
40275,0,2009
40276,0,2009
40277,0,2009
40278,0,2009
40279,1,2009
40280,0,2009
40281,0,2009
40282,0,2009
40283,1,2009
40284,0,2009
40285,1,2009
40286,0,2009
40287,1,2009
40288,0,2009
40289,0,2009
40290,0,2009
40291,0,2009
40292,0,2009
40293,0,2009
40294,0,2009
40295,0,2009
40296,0,2009
40297,0,2009
40298,0,2009
40299,0,2009
40300,0,2009
40301,0,2009
40302,0,2009
40303,0,2009
40304,0,2009
40305,0,2009
40306,0,2009
40307,1,2009
40308,0,2009
40309,0,2009
40310,1,2009
40311,0,2009
40312,0,2009
40313,0,2009
40314,0,2009
40315,0,2009
40316,0,2009
40317,0,2009
40318,0,2009
40319,1,2009
40320,1,2009
40321,0,2009
40322,0,2009
40323,0,2009
40324,0,2009
40325,0,2009
40326,1,2009
40327,1,2009
40328,0,2009
40329,0,2009
40330,1,2009
40331,0,2009
40332,1,2009
40333,1,2009
40334,0,2009
4001,0,2010
4004,0,2010
4005,0,2010
4006,0,2010
4007,0,2010
4008,0,2010
4009,0,2010
4012,0,2010
4013,0,2010
4016,0,2010
4017,0,2010
4018,0,2010
4019,0,2010
4020,0,2010
4021,0,2010
4022,0,2010
4023,0,2010
4024,0,2010
4025,0,2010
4026,0,2010
4027,0,2010
4028,0,2010
4030,0,2010
4031,0,2010
4032,0,2010
4033,0,2010
4034,0,2010
4035,0,2010
4036,0,2010
4037,0,2010
4039,0,2010
4040,0,2010
4041,0,2010
4042,0,2010
4043,0,2010
4045,0,2010
4046,0,2010
4047,0,2010
4049,0,2010
4050,0,2010
4051,0,2010
4053,0,2010
4054,0,2010
4055,0,2010
4057,0,2010
4058,0,2010
4059,0,2010
4061,0,2010
4062,0,2010
4063,0,2010
4065,0,2010
4066,0,2010
4067,0,2010
4068,0,2010
4069,0,2010
4070,0,2010
4072,0,2010
4073,0,2010
4074,0,2010
4075,0,2010
4076,0,2010
4077,0,2010
4079,0,2010
4081,0,2010
4084,0,2010
4085,0,2010
4086,0,2010
4087,0,2010
4088,0,2010
4090,0,2010
4091,0,2010
4092,0,2010
4093,0,2010
4094,0,2010
4095,0,2010
4096,0,2010
4097,0,2010
4099,0,2010
40001,0,2010
40002,0,2010
40003,0,2010
40004,0,2010
40005,0,2010
40006,0,2010
40007,0,2010
40008,0,2010
40009,0,2010
40011,0,2010
40012,0,2010
40013,0,2010
40014,0,2010
40015,0,2010
40016,0,2010
40017,0,2010
40018,0,2010
40019,0,2010
40020,0,2010
40021,0,2010
40022,0,2010
40023,0,2010
40024,0,2010
40025,0,2010
40026,0,2010
40027,0,2010
40028,0,2010
40029,0,2010
40030,0,2010
40031,0,2010
40032,0,2010
40033,0,2010
40034,0,2010
40035,0,2010
40036,0,2010
40037,0,2010
40038,0,2010
40039,0,2010
40040,0,2010
40041,0,2010
40042,0,2010
40043,1,2010
40044,0,2010
40046,1,2010
40047,0,2010
40048,0,2010
40049,0,2010
40050,0,2010
40051,0,2010
40052,0,2010
40053,0,2010
40054,0,2010
40055,0,2010
40056,0,2010
40057,0,2010
40058,0,2010
40059,0,2010
40060,1,2010
40061,0,2010
40062,0,2010
40063,0,2010
40064,0,2010
40065,0,2010
40066,0,2010
40067,0,2010
40068,0,2010
40069,0,2010
40070,0,2010
40071,0,2010
40072,0,2010
40073,0,2010
40074,0,2010
40075,1,2010
40076,0,2010
40077,0,2010
40078,0,2010
40079,0,2010
40080,1,2010
40081,0,2010
40082,0,2010
40083,0,2010
40084,0,2010
40085,0,2010
40086,0,2010
40087,0,2010
40088,0,2010
40089,0,2010
40090,0,2010
40091,0,2010
40092,0,2010
40093,0,2010
40094,1,2010
40095,0,2010
40096,0,2010
40097,0,2010
40098,0,2010
40099,0,2010
40100,0,2010
40101,0,2010
40102,0,2010
40103,0,2010
40104,0,2010
40105,0,2010
40106,0,2010
40107,0,2010
40108,0,2010
40109,0,2010
40110,0,2010
40111,1,2010
40112,0,2010
40113,0,2010
40114,0,2010
40115,0,2010
40116,0,2010
40117,0,2010
40118,0,2010
40119,0,2010
40120,0,2010
40121,0,2010
40122,0,2010
40123,0,2010
40124,0,2010
40125,1,2010
40126,0,2010
40127,0,2010
40128,1,2010
40129,0,2010
40130,0,2010
40131,0,2010
40132,0,2010
40133,0,2010
40134,1,2010
40135,1,2010
40136,0,2010
40137,1,2010
40138,0,2010
40139,0,2010
40140,0,2010
40141,0,2010
40142,1,2010
40143,0,2010
40144,0,2010
40145,0,2010
40146,0,2010
40147,0,2010
40148,0,2010
40149,1,2010
40150,1,2010
40151,0,2010
40152,0,2010
40153,0,2010
40154,0,2010
40155,1,2010
40156,0,2010
40157,1,2010
40158,1,2010
40159,0,2010
40160,0,2010
40161,0,2010
40162,0,2010
40163,0,2010
40164,1,2010
40165,1,2010
40166,0,2010
40167,1,2010
40168,1,2010
40169,0,2010
40170,0,2010
40171,1,2010
40172,0,2010
40173,0,2010
40174,0,2010
40175,0,2010
40176,0,2010
40177,0,2010
40178,1,2010
40179,0,2010
40180,1,2010
40181,0,2010
40182,0,2010
40183,0,2010
40184,1,2010
40185,0,2010
40186,0,2010
40187,0,2010
40188,0,2010
40189,0,2010
40190,0,2010
40191,0,2010
40192,0,2010
40193,0,2010
40194,0,2010
40195,0,2010
40196,0,2010
40197,0,2010
40198,0,2010
40199,0,2010
40200,1,2010
40201,0,2010
40202,0,2010
40203,0,2010
40204,0,2010
40205,0,2010
40206,0,2010
40207,0,2010
40208,0,2010
40209,0,2010
40210,0,2010
40211,0,2010
40212,0,2010
40213,0,2010
40214,0,2010
40215,0,2010
40216,0,2010
40217,1,2010
40218,0,2010
40219,0,2010
40220,0,2010
40221,0,2010
40222,0,2010
40223,0,2010
40224,0,2010
40225,0,2010
40226,0,2010
40227,1,2010
40228,0,2010
40229,0,2010
40230,0,2010
40231,0,2010
40232,0,2010
40233,0,2010
40234,0,2010
40235,0,2010
40236,0,2010
40237,0,2010
40238,0,2010
40239,0,2010
40240,0,2010
40242,0,2010
40243,1,2010
40244,0,2010
40245,0,2010
40246,1,2010
40247,0,2010
40248,0,2010
40249,0,2010
40250,0,2010
40251,0,2010
40252,0,2010
40253,0,2010
40254,0,2010
40255,0,2010
40256,0,2010
40257,0,2010
40258,0,2010
40259,0,2010
40260,0,2010
40261,0,2010
40262,1,2010
40263,0,2010
40264,0,2010
40265,0,2010
40266,1,2010
40267,0,2010
40268,0,2010
40269,0,2010
40270,0,2010
40271,0,2010
40272,0,2010
40273,0,2010
40274,1,2010
40275,0,2010
40276,0,2010
40277,0,2010
40278,1,2010
40279,0,2010
40280,0,2010
40281,1,2010
40282,0,2010
40283,0,2010
40284,0,2010
40285,0,2010
40286,0,2010
40287,1,2010
40288,0,2010
40289,0,2010
40290,0,2010
40291,0,2010
40292,0,2010
40293,0,2010
40294,0,2010
40295,0,2010
40296,1,2010
40297,0,2010
40298,0,2010
40299,0,2010
40300,0,2010
40301,0,2010
40302,0,2010
40303,0,2010
40304,0,2010
40305,0,2010
40306,0,2010
40307,1,2010
40308,0,2010
40309,0,2010
40310,0,2010
40311,1,2010
40312,0,2010
40313,0,2010
40314,0,2010
40315,0,2010
40316,0,2010
40317,1,2010
40318,0,2010
40319,1,2010
40320,1,2010
40321,0,2010
40322,0,2010
40323,0,2010
40324,0,2010
40325,0,2010
40326,0,2010
40327,0,2010
40328,0,2010
40329,0,2010
40330,0,2010
40331,0,2010
40332,1,2010
40333,0,2010
40334,0,2010
4001,0,2011
4004,0,2011
4005,0,2011
4006,0,2011
4007,0,2011
4008,0,2011
4009,0,2011
4012,0,2011
4013,0,2011
4016,0,2011
4017,0,2011
4018,0,2011
4019,0,2011
4020,0,2011
4021,0,2011
4022,0,2011
4023,0,2011
4024,0,2011
4025,0,2011
4026,0,2011
4027,0,2011
4028,0,2011
4030,0,2011
4031,0,2011
4032,0,2011
4033,0,2011
4034,0,2011
4035,0,2011
4036,0,2011
4037,0,2011
4039,0,2011
4040,0,2011
4041,0,2011
4042,0,2011
4043,0,2011
4045,0,2011
4046,0,2011
4047,0,2011
4049,0,2011
4050,0,2011
4051,0,2011
4053,0,2011
4054,0,2011
4055,0,2011
4057,0,2011
4058,0,2011
4059,0,2011
4061,0,2011
4062,0,2011
4063,0,2011
4065,0,2011
4066,0,2011
4067,0,2011
4068,0,2011
4069,0,2011
4070,0,2011
4072,0,2011
4073,0,2011
4074,0,2011
4075,0,2011
4076,0,2011
4077,0,2011
4079,0,2011
4081,0,2011
4084,0,2011
4085,0,2011
4086,0,2011
4087,0,2011
4088,0,2011
4090,0,2011
4091,0,2011
4092,0,2011
4093,0,2011
4094,0,2011
4095,0,2011
4096,0,2011
4097,0,2011
4099,0,2011
40001,0,2011
40002,0,2011
40003,0,2011
40004,0,2011
40005,0,2011
40006,0,2011
40007,0,2011
40008,0,2011
40009,0,2011
40011,0,2011
40012,0,2011
40013,0,2011
40014,0,2011
40015,0,2011
40016,0,2011
40017,0,2011
40018,0,2011
40019,0,2011
40020,0,2011
40021,1,2011
40022,0,2011
40023,0,2011
40024,0,2011
40025,0,2011
40026,0,2011
40027,0,2011
40028,0,2011
40029,0,2011
40030,0,2011
40031,0,2011
40032,0,2011
40033,0,2011
40034,1,2011
40035,0,2011
40036,0,2011
40037,0,2011
40038,0,2011
40039,0,2011
40040,0,2011
40041,0,2011
40042,0,2011
40043,0,2011
40044,0,2011
40046,1,2011
40047,0,2011
40048,0,2011
40049,0,2011
40050,0,2011
40051,0,2011
40052,0,2011
40053,1,2011
40054,0,2011
40055,0,2011
40056,1,2011
40057,0,2011
40058,0,2011
40059,0,2011
40060,1,2011
40061,0,2011
40062,0,2011
40063,0,2011
40064,0,2011
40065,1,2011
40066,0,2011
40067,0,2011
40068,0,2011
40069,0,2011
40070,0,2011
40071,0,2011
40072,0,2011
40073,0,2011
40074,0,2011
40075,1,2011
40076,0,2011
40077,0,2011
40078,0,2011
40079,0,2011
40080,0,2011
40081,0,2011
40082,0,2011
40083,0,2011
40084,0,2011
40085,0,2011
40086,0,2011
40087,0,2011
40088,0,2011
40089,0,2011
40090,0,2011
40091,0,2011
40092,0,2011
40093,0,2011
40094,1,2011
40095,0,2011
40096,0,2011
40097,0,2011
40098,0,2011
40099,0,2011
40100,0,2011
40101,0,2011
40102,0,2011
40103,0,2011
40104,0,2011
40105,0,2011
40106,0,2011
40107,0,2011
40108,1,2011
40109,0,2011
40110,0,2011
40111,1,2011
40112,0,2011
40113,0,2011
40114,1,2011
40115,0,2011
40116,0,2011
40117,0,2011
40118,0,2011
40119,0,2011
40120,0,2011
40121,0,2011
40122,0,2011
40123,1,2011
40124,0,2011
40125,0,2011
40126,0,2011
40127,0,2011
40128,0,2011
40129,0,2011
40130,0,2011
40131,0,2011
40132,0,2011
40133,1,2011
40134,0,2011
40135,0,2011
40136,0,2011
40137,1,2011
40138,0,2011
40139,0,2011
40140,0,2011
40141,0,2011
40142,0,2011
40143,0,2011
40144,0,2011
40145,0,2011
40146,0,2011
40147,0,2011
40148,0,2011
40149,1,2011
40150,0,2011
40151,0,2011
40152,0,2011
40153,0,2011
40154,1,2011
40155,1,2011
40156,0,2011
40157,1,2011
40158,0,2011
40159,0,2011
40160,0,2011
40161,1,2011
40162,0,2011
40163,0,2011
40164,0,2011
40165,0,2011
40166,0,2011
40167,1,2011
40168,1,2011
40169,1,2011
40170,0,2011
40171,0,2011
40172,0,2011
40173,0,2011
40174,0,2011
40175,0,2011
40176,0,2011
40177,0,2011
40178,0,2011
40179,0,2011
40180,0,2011
40181,1,2011
40182,1,2011
40183,0,2011
40184,1,2011
40185,0,2011
40186,0,2011
40187,0,2011
40188,0,2011
40189,0,2011
40190,0,2011
40191,0,2011
40192,0,2011
40193,0,2011
40194,0,2011
40195,0,2011
40196,0,2011
40197,0,2011
40198,0,2011
40199,0,2011
40200,0,2011
40201,0,2011
40202,0,2011
40203,0,2011
40204,0,2011
40205,0,2011
40206,0,2011
40207,0,2011
40208,0,2011
40209,0,2011
40210,0,2011
40211,0,2011
40212,0,2011
40213,0,2011
40214,0,2011
40215,0,2011
40216,0,2011
40217,1,2011
40218,0,2011
40219,0,2011
40220,0,2011
40221,0,2011
40222,0,2011
40223,0,2011
40224,0,2011
40225,0,2011
40226,0,2011
40227,0,2011
40228,0,2011
40229,1,2011
40230,0,2011
40231,0,2011
40232,0,2011
40233,0,2011
40234,0,2011
40235,0,2011
40236,0,2011
40237,0,2011
40238,0,2011
40239,0,2011
40240,0,2011
40242,0,2011
40243,0,2011
40244,0,2011
40245,0,2011
40246,0,2011
40247,0,2011
40248,0,2011
40249,0,2011
40250,0,2011
40251,0,2011
40252,0,2011
40253,1,2011
40254,0,2011
40255,0,2011
40256,0,2011
40257,0,2011
40258,0,2011
40259,0,2011
40260,0,2011
40261,0,2011
40262,0,2011
40263,0,2011
40264,0,2011
40265,0,2011
40266,0,2011
40267,0,2011
40268,0,2011
40269,0,2011
40270,0,2011
40271,0,2011
40272,0,2011
40273,0,2011
40274,0,2011
40275,0,2011
40276,0,2011
40277,0,2011
40278,1,2011
40279,0,2011
40280,0,2011
40281,0,2011
40282,0,2011
40283,0,2011
40284,0,2011
40285,0,2011
40286,0,2011
40287,1,2011
40288,0,2011
40289,0,2011
40290,0,2011
40291,0,2011
40292,0,2011
40293,0,2011
40294,0,2011
40295,0,2011
40296,1,2011
40297,0,2011
40298,0,2011
40299,0,2011
40300,0,2011
40301,0,2011
40302,0,2011
40303,0,2011
40304,0,2011
40305,0,2011
40306,0,2011
40307,0,2011
40308,0,2011
40309,1,2011
40310,1,2011
40311,0,2011
40312,0,2011
40313,0,2011
40314,0,2011
40315,0,2011
40316,0,2011
40317,0,2011
40318,0,2011
40319,0,2011
40320,0,2011
40321,0,2011
40322,0,2011
40323,0,2011
40324,0,2011
40325,0,2011
40326,1,2011
40327,0,2011
40328,0,2011
40329,0,2011
40330,0,2011
40331,0,2011
40332,0,2011
40333,0,2011
40334,0,2011
4001,0,2012
4004,0,2012
4005,0,2012
4006,0,2012
4007,0,2012
4008,0,2012
4009,0,2012
4012,0,2012
4013,0,2012
4016,0,2012
4017,0,2012
4018,0,2012
4019,0,2012
4020,0,2012
4021,0,2012
4022,0,2012
4023,0,2012
4024,0,2012
4025,0,2012
4026,0,2012
4027,0,2012
4028,0,2012
4030,0,2012
4031,0,2012
4032,0,2012
4033,0,2012
4034,0,2012
4035,0,2012
4036,0,2012
4037,0,2012
4039,0,2012
4040,0,2012
4041,0,2012
4042,0,2012
4043,0,2012
4045,0,2012
4046,0,2012
4047,0,2012
4049,0,2012
4050,0,2012
4051,0,2012
4053,0,2012
4054,0,2012
4055,0,2012
4057,0,2012
4058,0,2012
4059,0,2012
4061,0,2012
4062,0,2012
4063,0,2012
4065,0,2012
4066,0,2012
4067,0,2012
4068,0,2012
4069,0,2012
4070,0,2012
4072,0,2012
4073,0,2012
4074,0,2012
4075,0,2012
4076,0,2012
4077,0,2012
4079,0,2012
4081,0,2012
4084,0,2012
4085,0,2012
4086,0,2012
4087,0,2012
4088,0,2012
4090,0,2012
4091,0,2012
4092,0,2012
4093,0,2012
4094,0,2012
4095,0,2012
4096,0,2012
4097,0,2012
4099,0,2012
40001,0,2012
40002,0,2012
40003,0,2012
40004,0,2012
40005,0,2012
40006,0,2012
40007,0,2012
40008,0,2012
40009,0,2012
40011,0,2012
40012,0,2012
40013,0,2012
40014,0,2012
40015,0,2012
40016,0,2012
40017,0,2012
40018,0,2012
40019,0,2012
40020,0,2012
40021,1,2012
40022,0,2012
40023,0,2012
40024,0,2012
40025,0,2012
40026,0,2012
40027,0,2012
40028,0,2012
40029,0,2012
40030,1,2012
40031,0,2012
40032,0,2012
40033,0,2012
40034,0,2012
40035,0,2012
40036,0,2012
40037,0,2012
40038,0,2012
40039,0,2012
40040,0,2012
40041,0,2012
40042,0,2012
40043,0,2012
40044,0,2012
40046,1,2012
40047,0,2012
40048,1,2012
40049,0,2012
40050,0,2012
40051,0,2012
40052,0,2012
40053,0,2012
40054,0,2012
40055,0,2012
40056,0,2012
40057,0,2012
40058,0,2012
40059,0,2012
40060,0,2012
40061,0,2012
40062,0,2012
40063,0,2012
40064,0,2012
40065,0,2012
40066,0,2012
40067,1,2012
40068,0,2012
40069,0,2012
40070,1,2012
40071,0,2012
40072,1,2012
40073,0,2012
40074,0,2012
40075,0,2012
40076,0,2012
40077,0,2012
40078,0,2012
40079,0,2012
40080,0,2012
40081,0,2012
40082,0,2012
40083,0,2012
40084,0,2012
40085,0,2012
40086,0,2012
40087,0,2012
40088,0,2012
40089,0,2012
40090,0,2012
40091,0,2012
40092,0,2012
40093,0,2012
40094,1,2012
40095,0,2012
40096,0,2012
40097,0,2012
40098,0,2012
40099,0,2012
40100,0,2012
40101,0,2012
40102,0,2012
40103,0,2012
40104,0,2012
40105,0,2012
40106,0,2012
40107,0,2012
40108,1,2012
40109,0,2012
40110,0,2012
40111,0,2012
40112,0,2012
40113,0,2012
40114,0,2012
40115,0,2012
40116,0,2012
40117,0,2012
40118,0,2012
40119,0,2012
40120,0,2012
40121,0,2012
40122,0,2012
40123,1,2012
40124,0,2012
40125,0,2012
40126,0,2012
40127,0,2012
40128,0,2012
40129,0,2012
40130,0,2012
40131,0,2012
40132,0,2012
40133,0,2012
40134,0,2012
40135,0,2012
40136,0,2012
40137,0,2012
40138,0,2012
40139,0,2012
40140,0,2012
40141,0,2012
40142,0,2012
40143,0,2012
40144,0,2012
40145,0,2012
40146,0,2012
40147,0,2012
40148,0,2012
40149,0,2012
40150,0,2012
40151,0,2012
40152,1,2012
40153,0,2012
40154,1,2012
40155,0,2012
40156,0,2012
40157,0,2012
40158,0,2012
40159,0,2012
40160,0,2012
40161,0,2012
40162,0,2012
40163,0,2012
40164,0,2012
40165,0,2012
40166,0,2012
40167,1,2012
40168,0,2012
40169,0,2012
40170,0,2012
40171,0,2012
40172,0,2012
40173,0,2012
40174,0,2012
40175,0,2012
40176,0,2012
40177,0,2012
40178,0,2012
40179,0,2012
40180,0,2012
40181,1,2012
40182,0,2012
40183,0,2012
40184,1,2012
40185,0,2012
40186,0,2012
40187,0,2012
40188,0,2012
40189,0,2012
40190,0,2012
40191,0,2012
40192,0,2012
40193,0,2012
40194,0,2012
40195,0,2012
40196,0,2012
40197,0,2012
40198,0,2012
40199,0,2012
40200,0,2012
40201,0,2012
40202,0,2012
40203,0,2012
40204,0,2012
40205,0,2012
40206,0,2012
40207,0,2012
40208,0,2012
40209,0,2012
40210,1,2012
40211,0,2012
40212,0,2012
40213,0,2012
40214,0,2012
40215,0,2012
40216,0,2012
40217,0,2012
40218,0,2012
40219,0,2012
40220,0,2012
40221,0,2012
40222,0,2012
40223,0,2012
40224,0,2012
40225,0,2012
40226,0,2012
40227,0,2012
40228,0,2012
40229,0,2012
40230,0,2012
40231,0,2012
40232,0,2012
40233,0,2012
40234,0,2012
40235,0,2012
40236,0,2012
40237,0,2012
40238,0,2012
40239,0,2012
40240,0,2012
40242,1,2012
40243,1,2012
40244,0,2012
40245,0,2012
40246,0,2012
40247,0,2012
40248,0,2012
40249,0,2012
40250,0,2012
40251,0,2012
40252,0,2012
40253,0,2012
40254,0,2012
40255,0,2012
40256,0,2012
40257,0,2012
40258,0,2012
40259,0,2012
40260,0,2012
40261,0,2012
40262,0,2012
40263,0,2012
40264,0,2012
40265,0,2012
40266,0,2012
40267,0,2012
40268,0,2012
40269,1,2012
40270,0,2012
40271,0,2012
40272,0,2012
40273,1,2012
40274,0,2012
40275,0,2012
40276,0,2012
40277,0,2012
40278,0,2012
40279,0,2012
40280,0,2012
40281,0,2012
40282,0,2012
40283,1,2012
40284,1,2012
40285,1,2012
40286,0,2012
40287,1,2012
40288,0,2012
40289,0,2012
40290,0,2012
40291,0,2012
40292,0,2012
40293,0,2012
40294,0,2012
40295,0,2012
40296,1,2012
40297,0,2012
40298,0,2012
40299,0,2012
40300,0,2012
40301,0,2012
40302,0,2012
40303,0,2012
40304,1,2012
40305,0,2012
40306,0,2012
40307,0,2012
40308,0,2012
40309,1,2012
40310,1,2012
40311,1,2012
40312,0,2012
40313,1,2012
40314,0,2012
40315,0,2012
40316,0,2012
40317,1,2012
40318,0,2012
40319,1,2012
40320,0,2012
40321,0,2012
40322,0,2012
40323,0,2012
40324,0,2012
40325,0,2012
40326,1,2012
40327,0,2012
40328,0,2012
40329,0,2012
40330,0,2012
40331,0,2012
40332,1,2012
40333,0,2012
40334,0,2012
4001,0,2013
4004,0,2013
4005,0,2013
4006,0,2013
4007,0,2013
4008,0,2013
4009,0,2013
4012,0,2013
4013,0,2013
4016,0,2013
4017,0,2013
4018,0,2013
4019,0,2013
4020,0,2013
4021,0,2013
4022,0,2013
4023,0,2013
4024,0,2013
4025,0,2013
4026,0,2013
4027,0,2013
4028,0,2013
4030,0,2013
4031,0,2013
4032,0,2013
4033,0,2013
4034,0,2013
4035,0,2013
4036,0,2013
4037,0,2013
4039,0,2013
4040,0,2013
4041,0,2013
4042,0,2013
4043,0,2013
4045,0,2013
4046,0,2013
4047,0,2013
4049,0,2013
4050,0,2013
4051,0,2013
4053,0,2013
4054,0,2013
4055,0,2013
4057,0,2013
4058,0,2013
4059,0,2013
4061,0,2013
4062,0,2013
4063,0,2013
4065,0,2013
4066,0,2013
4067,0,2013
4068,0,2013
4069,0,2013
4070,0,2013
4072,0,2013
4073,0,2013
4074,0,2013
4075,0,2013
4076,0,2013
4077,0,2013
4079,0,2013
4081,0,2013
4084,0,2013
4085,0,2013
4086,0,2013
4087,0,2013
4088,0,2013
4090,0,2013
4091,0,2013
4092,0,2013
4093,0,2013
4094,0,2013
4095,0,2013
4096,0,2013
4097,0,2013
4099,0,2013
40001,0,2013
40002,0,2013
40003,0,2013
40004,0,2013
40005,0,2013
40006,0,2013
40007,0,2013
40008,0,2013
40009,0,2013
40011,0,2013
40012,0,2013
40013,0,2013
40014,0,2013
40015,0,2013
40016,0,2013
40017,0,2013
40018,0,2013
40019,0,2013
40020,0,2013
40021,0,2013
40022,0,2013
40023,0,2013
40024,0,2013
40025,0,2013
40026,0,2013
40027,0,2013
40028,0,2013
40029,0,2013
40030,0,2013
40031,0,2013
40032,1,2013
40033,1,2013
40034,0,2013
40035,0,2013
40036,0,2013
40037,0,2013
40038,0,2013
40039,0,2013
40040,1,2013
40041,0,2013
40042,0,2013
40043,0,2013
40044,0,2013
40046,1,2013
40047,0,2013
40048,0,2013
40049,0,2013
40050,0,2013
40051,0,2013
40052,0,2013
40053,0,2013
40054,0,2013
40055,0,2013
40056,0,2013
40057,0,2013
40058,0,2013
40059,0,2013
40060,1,2013
40061,0,2013
40062,0,2013
40063,0,2013
40064,0,2013
40065,0,2013
40066,0,2013
40067,0,2013
40068,0,2013
40069,0,2013
40070,0,2013
40071,0,2013
40072,0,2013
40073,0,2013
40074,0,2013
40075,0,2013
40076,0,2013
40077,0,2013
40078,0,2013
40079,0,2013
40080,0,2013
40081,1,2013
40082,0,2013
40083,0,2013
40084,0,2013
40085,0,2013
40086,0,2013
40087,0,2013
40088,0,2013
40089,0,2013
40090,0,2013
40091,0,2013
40092,0,2013
40093,0,2013
40094,0,2013
40095,0,2013
40096,0,2013
40097,0,2013
40098,0,2013
40099,0,2013
40100,0,2013
40101,0,2013
40102,0,2013
40103,0,2013
40104,0,2013
40105,0,2013
40106,0,2013
40107,0,2013
40108,0,2013
40109,0,2013
40110,0,2013
40111,0,2013
40112,0,2013
40113,0,2013
40114,0,2013
40115,0,2013
40116,0,2013
40117,0,2013
40118,0,2013
40119,0,2013
40120,0,2013
40121,0,2013
40122,0,2013
40123,1,2013
40124,0,2013
40125,0,2013
40126,0,2013
40127,0,2013
40128,0,2013
40129,0,2013
40130,0,2013
40131,0,2013
40132,0,2013
40133,1,2013
40134,0,2013
40135,0,2013
40136,0,2013
40137,0,2013
40138,0,2013
40139,0,2013
40140,0,2013
40141,0,2013
40142,1,2013
40143,0,2013
40144,0,2013
40145,0,2013
40146,0,2013
40147,0,2013
40148,0,2013
40149,0,2013
40150,0,2013
40151,0,2013
40152,0,2013
40153,0,2013
40154,0,2013
40155,0,2013
40156,0,2013
40157,0,2013
40158,0,2013
40159,0,2013
40160,0,2013
40161,0,2013
40162,0,2013
40163,0,2013
40164,0,2013
40165,0,2013
40166,0,2013
40167,0,2013
40168,1,2013
40169,0,2013
40170,0,2013
40171,1,2013
40172,0,2013
40173,0,2013
40174,0,2013
40175,0,2013
40176,0,2013
40177,0,2013
40178,0,2013
40179,0,2013
40180,0,2013
40181,0,2013
40182,0,2013
40183,0,2013
40184,0,2013
40185,0,2013
40186,0,2013
40187,0,2013
40188,0,2013
40189,0,2013
40190,0,2013
40191,0,2013
40192,1,2013
40193,0,2013
40194,0,2013
40195,0,2013
40196,0,2013
40197,0,2013
40198,0,2013
40199,0,2013
40200,1,2013
40201,0,2013
40202,0,2013
40203,0,2013
40204,0,2013
40205,0,2013
40206,0,2013
40207,0,2013
40208,0,2013
40209,0,2013
40210,1,2013
40211,0,2013
40212,0,2013
40213,0,2013
40214,0,2013
40215,0,2013
40216,0,2013
40217,0,2013
40218,0,2013
40219,0,2013
40220,0,2013
40221,0,2013
40222,0,2013
40223,0,2013
40224,0,2013
40225,0,2013
40226,0,2013
40227,0,2013
40228,0,2013
40229,0,2013
40230,0,2013
40231,0,2013
40232,0,2013
40233,0,2013
40234,0,2013
40235,0,2013
40236,0,2013
40237,0,2013
40238,0,2013
40239,0,2013
40240,0,2013
40242,0,2013
40243,0,2013
40244,0,2013
40245,0,2013
40246,0,2013
40247,0,2013
40248,0,2013
40249,0,2013
40250,0,2013
40251,0,2013
40252,0,2013
40253,0,2013
40254,0,2013
40255,0,2013
40256,0,2013
40257,0,2013
40258,0,2013
40259,0,2013
40260,0,2013
40261,1,2013
40262,0,2013
40263,0,2013
40264,0,2013
40265,0,2013
40266,0,2013
40267,1,2013
40268,0,2013
40269,0,2013
40270,0,2013
40271,0,2013
40272,0,2013
40273,0,2013
40274,0,2013
40275,0,2013
40276,0,2013
40277,0,2013
40278,0,2013
40279,1,2013
40280,0,2013
40281,0,2013
40282,0,2013
40283,1,2013
40284,0,2013
40285,0,2013
40286,0,2013
40287,0,2013
40288,0,2013
40289,0,2013
40290,0,2013
40291,0,2013
40292,0,2013
40293,0,2013
40294,0,2013
40295,0,2013
40296,0,2013
40297,0,2013
40298,0,2013
40299,0,2013
40300,0,2013
40301,0,2013
40302,0,2013
40303,0,2013
40304,1,2013
40305,0,2013
40306,0,2013
40307,0,2013
40308,0,2013
40309,0,2013
40310,0,2013
40311,0,2013
40312,0,2013
40313,0,2013
40314,0,2013
40315,0,2013
40316,0,2013
40317,0,2013
40318,0,2013
40319,0,2013
40320,0,2013
40321,0,2013
40322,1,2013
40323,0,2013
40324,0,2013
40325,0,2013
40326,0,2013
40327,0,2013
40328,0,2013
40329,0,2013
40330,0,2013
40331,0,2013
40332,1,2013
40333,0,2013
40334,0,2013
4001,0,2014
4004,0,2014
4005,0,2014
4006,0,2014
4007,0,2014
4008,0,2014
4009,0,2014
4012,0,2014
4013,0,2014
4016,0,2014
4017,0,2014
4018,0,2014
4019,0,2014
4020,0,2014
4021,0,2014
4022,0,2014
4023,0,2014
4024,0,2014
4025,0,2014
4026,0,2014
4027,0,2014
4028,0,2014
4030,0,2014
4031,0,2014
4032,0,2014
4033,0,2014
4034,0,2014
4035,0,2014
4036,0,2014
4037,0,2014
4039,0,2014
4040,0,2014
4041,0,2014
4042,0,2014
4043,0,2014
4045,0,2014
4046,0,2014
4047,0,2014
4049,0,2014
4050,0,2014
4051,0,2014
4053,0,2014
4054,0,2014
4055,0,2014
4057,0,2014
4058,0,2014
4059,0,2014
4061,0,2014
4062,0,2014
4063,0,2014
4065,0,2014
4066,0,2014
4067,0,2014
4068,0,2014
4069,0,2014
4070,0,2014
4072,0,2014
4073,0,2014
4074,0,2014
4075,0,2014
4076,0,2014
4077,0,2014
4079,0,2014
4081,0,2014
4084,0,2014
4085,0,2014
4086,0,2014
4087,0,2014
4088,0,2014
4090,0,2014
4091,0,2014
4092,0,2014
4093,0,2014
4094,0,2014
4095,0,2014
4096,0,2014
4097,0,2014
4099,0,2014
40001,0,2014
40002,0,2014
40003,0,2014
40004,0,2014
40005,0,2014
40006,0,2014
40007,0,2014
40008,0,2014
40009,1,2014
40011,0,2014
40012,0,2014
40013,0,2014
40014,0,2014
40015,0,2014
40016,0,2014
40017,0,2014
40018,0,2014
40019,0,2014
40020,0,2014
40021,0,2014
40022,0,2014
40023,0,2014
40024,0,2014
40025,0,2014
40026,0,2014
40027,0,2014
40028,0,2014
40029,0,2014
40030,0,2014
40031,0,2014
40032,0,2014
40033,0,2014
40034,0,2014
40035,0,2014
40036,0,2014
40037,0,2014
40038,0,2014
40039,0,2014
40040,0,2014
40041,0,2014
40042,0,2014
40043,0,2014
40044,0,2014
40046,1,2014
40047,0,2014
40048,0,2014
40049,0,2014
40050,0,2014
40051,0,2014
40052,0,2014
40053,1,2014
40054,0,2014
40055,0,2014
40056,0,2014
40057,0,2014
40058,0,2014
40059,0,2014
40060,0,2014
40061,0,2014
40062,0,2014
40063,0,2014
40064,0,2014
40065,0,2014
40066,0,2014
40067,0,2014
40068,0,2014
40069,0,2014
40070,0,2014
40071,0,2014
40072,0,2014
40073,0,2014
40074,0,2014
40075,0,2014
40076,0,2014
40077,0,2014
40078,0,2014
40079,0,2014
40080,0,2014
40081,0,2014
40082,0,2014
40083,0,2014
40084,0,2014
40085,0,2014
40086,0,2014
40087,0,2014
40088,0,2014
40089,0,2014
40090,0,2014
40091,0,2014
40092,0,2014
40093,1,2014
40094,0,2014
40095,0,2014
40096,0,2014
40097,0,2014
40098,0,2014
40099,0,2014
40100,0,2014
40101,0,2014
40102,0,2014
40103,0,2014
40104,0,2014
40105,1,2014
40106,0,2014
40107,0,2014
40108,0,2014
40109,0,2014
40110,0,2014
40111,0,2014
40112,0,2014
40113,0,2014
40114,0,2014
40115,0,2014
40116,0,2014
40117,0,2014
40118,0,2014
40119,0,2014
40120,0,2014
40121,0,2014
40122,0,2014
40123,0,2014
40124,0,2014
40125,0,2014
40126,0,2014
40127,0,2014
40128,0,2014
40129,0,2014
40130,0,2014
40131,0,2014
40132,0,2014
40133,0,2014
40134,0,2014
40135,0,2014
40136,0,2014
40137,0,2014
40138,0,2014
40139,0,2014
40140,0,2014
40141,0,2014
40142,0,2014
40143,0,2014
40144,0,2014
40145,0,2014
40146,0,2014
40147,0,2014
40148,0,2014
40149,0,2014
40150,1,2014
40151,0,2014
40152,0,2014
40153,0,2014
40154,0,2014
40155,0,2014
40156,0,2014
40157,1,2014
40158,0,2014
40159,0,2014
40160,0,2014
40161,0,2014
40162,0,2014
40163,0,2014
40164,0,2014
40165,0,2014
40166,0,2014
40167,1,2014
40168,1,2014
40169,0,2014
40170,0,2014
40171,0,2014
40172,0,2014
40173,0,2014
40174,0,2014
40175,0,2014
40176,0,2014
40177,0,2014
40178,0,2014
40179,0,2014
40180,0,2014
40181,0,2014
40182,0,2014
40183,0,2014
40184,0,2014
40185,0,2014
40186,0,2014
40187,0,2014
40188,0,2014
40189,0,2014
40190,0,2014
40191,0,2014
40192,1,2014
40193,0,2014
40194,0,2014
40195,0,2014
40196,0,2014
40197,0,2014
40198,0,2014
40199,0,2014
40200,1,2014
40201,0,2014
40202,0,2014
40203,0,2014
40204,0,2014
40205,0,2014
40206,0,2014
40207,0,2014
40208,0,2014
40209,0,2014
40210,0,2014
40211,0,2014
40212,0,2014
40213,0,2014
40214,0,2014
40215,0,2014
40216,0,2014
40217,0,2014
40218,0,2014
40219,0,2014
40220,0,2014
40221,0,2014
40222,0,2014
40223,0,2014
40224,0,2014
40225,0,2014
40226,0,2014
40227,0,2014
40228,0,2014
40229,1,2014
40230,1,2014
40231,0,2014
40232,0,2014
40233,0,2014
40234,0,2014
40235,0,2014
40236,0,2014
40237,0,2014
40238,0,2014
40239,0,2014
40240,0,2014
40242,1,2014
40243,0,2014
40244,1,2014
40245,0,2014
40246,0,2014
40247,0,2014
40248,0,2014
40249,0,2014
40250,0,2014
40251,0,2014
40252,0,2014
40253,0,2014
40254,0,2014
40255,0,2014
40256,0,2014
40257,0,2014
40258,0,2014
40259,0,2014
40260,0,2014
40261,0,2014
40262,1,2014
40263,0,2014
40264,0,2014
40265,0,2014
40266,0,2014
40267,0,2014
40268,0,2014
40269,0,2014
40270,0,2014
40271,0,2014
40272,0,2014
40273,0,2014
40274,0,2014
40275,0,2014
40276,0,2014
40277,0,2014
40278,0,2014
40279,1,2014
40280,0,2014
40281,0,2014
40282,0,2014
40283,0,2014
40284,0,2014
40285,0,2014
40286,0,2014
40287,0,2014
40288,0,2014
40289,0,2014
40290,0,2014
40291,0,2014
40292,0,2014
40293,0,2014
40294,0,2014
40295,0,2014
40296,0,2014
40297,0,2014
40298,0,2014
40299,0,2014
40300,0,2014
40301,0,2014
40302,0,2014
40303,0,2014
40304,0,2014
40305,0,2014
40306,0,2014
40307,1,2014
40308,0,2014
40309,0,2014
40310,1,2014
40311,0,2014
40312,0,2014
40313,0,2014
40314,0,2014
40315,0,2014
40316,0,2014
40317,0,2014
40318,0,2014
40319,0,2014
40320,1,2014
40321,0,2014
40322,0,2014
40323,0,2014
40324,0,2014
40325,0,2014
40326,0,2014
40327,0,2014
40328,0,2014
40329,0,2014
40330,0,2014
40331,0,2014
40332,0,2014
40333,0,2014
40334,0,2014
4001,0,2015
4004,0,2015
4005,0,2015
4006,0,2015
4007,0,2015
4008,0,2015
4009,0,2015
4012,0,2015
4013,0,2015
4016,0,2015
4017,0,2015
4018,0,2015
4019,0,2015
4020,0,2015
4021,0,2015
4022,0,2015
4023,0,2015
4024,0,2015
4025,0,2015
4026,0,2015
4027,0,2015
4028,0,2015
4030,0,2015
4031,0,2015
4032,0,2015
4033,0,2015
4034,0,2015
4035,0,2015
4036,0,2015
4037,0,2015
4039,0,2015
4040,0,2015
4041,0,2015
4042,0,2015
4043,0,2015
4045,0,2015
4046,0,2015
4047,0,2015
4049,0,2015
4050,0,2015
4051,0,2015
4053,0,2015
4054,0,2015
4055,0,2015
4057,0,2015
4058,0,2015
4059,0,2015
4061,0,2015
4062,0,2015
4063,0,2015
4065,0,2015
4066,0,2015
4067,0,2015
4068,0,2015
4069,0,2015
4070,0,2015
4072,0,2015
4073,0,2015
4074,0,2015
4075,0,2015
4076,0,2015
4077,0,2015
4079,0,2015
4081,0,2015
4084,0,2015
4085,0,2015
4086,0,2015
4087,0,2015
4088,0,2015
4090,0,2015
4091,0,2015
4092,0,2015
4093,0,2015
4094,0,2015
4095,0,2015
4096,0,2015
4097,0,2015
4099,0,2015
40001,0,2015
40002,0,2015
40003,0,2015
40004,0,2015
40005,0,2015
40006,0,2015
40007,0,2015
40008,0,2015
40009,0,2015
40011,0,2015
40012,0,2015
40013,0,2015
40014,1,2015
40015,0,2015
40016,0,2015
40017,0,2015
40018,0,2015
40019,0,2015
40020,0,2015
40021,1,2015
40022,0,2015
40023,0,2015
40024,0,2015
40025,0,2015
40026,0,2015
40027,0,2015
40028,0,2015
40029,0,2015
40030,0,2015
40031,1,2015
40032,0,2015
40033,0,2015
40034,0,2015
40035,0,2015
40036,0,2015
40037,0,2015
40038,0,2015
40039,0,2015
40040,0,2015
40041,0,2015
40042,0,2015
40043,0,2015
40044,0,2015
40046,1,2015
40047,0,2015
40048,0,2015
40049,0,2015
40050,0,2015
40051,0,2015
40052,0,2015
40053,1,2015
40054,0,2015
40055,0,2015
40056,1,2015
40057,0,2015
40058,0,2015
40059,0,2015
40060,0,2015
40061,0,2015
40062,1,2015
40063,0,2015
40064,0,2015
40065,0,2015
40066,0,2015
40067,0,2015
40068,0,2015
40069,0,2015
40070,0,2015
40071,0,2015
40072,0,2015
40073,0,2015
40074,0,2015
40075,1,2015
40076,0,2015
40077,0,2015
40078,0,2015
40079,0,2015
40080,0,2015
40081,1,2015
40082,0,2015
40083,0,2015
40084,0,2015
40085,0,2015
40086,0,2015
40087,0,2015
40088,0,2015
40089,0,2015
40090,0,2015
40091,0,2015
40092,0,2015
40093,0,2015
40094,0,2015
40095,0,2015
40096,1,2015
40097,0,2015
40098,0,2015
40099,0,2015
40100,1,2015
40101,0,2015
40102,0,2015
40103,0,2015
40104,0,2015
40105,0,2015
40106,0,2015
40107,0,2015
40108,0,2015
40109,0,2015
40110,0,2015
40111,1,2015
40112,0,2015
40113,0,2015
40114,0,2015
40115,0,2015
40116,0,2015
40117,0,2015
40118,0,2015
40119,0,2015
40120,0,2015
40121,0,2015
40122,0,2015
40123,1,2015
40124,0,2015
40125,0,2015
40126,0,2015
40127,0,2015
40128,0,2015
40129,0,2015
40130,0,2015
40131,0,2015
40132,0,2015
40133,1,2015
40134,1,2015
40135,1,2015
40136,0,2015
40137,0,2015
40138,0,2015
40139,0,2015
40140,0,2015
40141,0,2015
40142,1,2015
40143,0,2015
40144,0,2015
40145,0,2015
40146,0,2015
40147,0,2015
40148,0,2015
40149,1,2015
40150,0,2015
40151,0,2015
40152,1,2015
40153,0,2015
40154,0,2015
40155,1,2015
40156,0,2015
40157,0,2015
40158,1,2015
40159,0,2015
40160,0,2015
40161,0,2015
40162,0,2015
40163,1,2015
40164,1,2015
40165,0,2015
40166,0,2015
40167,1,2015
40168,1,2015
40169,1,2015
40170,0,2015
40171,0,2015
40172,0,2015
40173,0,2015
40174,0,2015
40175,0,2015
40176,0,2015
40177,0,2015
40178,0,2015
40179,0,2015
40180,0,2015
40181,1,2015
40182,1,2015
40183,0,2015
40184,1,2015
40185,0,2015
40186,0,2015
40187,1,2015
40188,0,2015
40189,0,2015
40190,0,2015
40191,0,2015
40192,0,2015
40193,0,2015
40194,0,2015
40195,0,2015
40196,0,2015
40197,1,2015
40198,0,2015
40199,0,2015
40200,1,2015
40201,0,2015
40202,0,2015
40203,0,2015
40204,0,2015
40205,0,2015
40206,0,2015
40207,0,2015
40208,0,2015
40209,0,2015
40210,1,2015
40211,0,2015
40212,0,2015
40213,0,2015
40214,0,2015
40215,0,2015
40216,0,2015
40217,1,2015
40218,0,2015
40219,0,2015
40220,0,2015
40221,0,2015
40222,0,2015
40223,0,2015
40224,0,2015
40225,0,2015
40226,0,2015
40227,0,2015
40228,0,2015
40229,0,2015
40230,0,2015
40231,0,2015
40232,0,2015
40233,0,2015
40234,1,2015
40235,0,2015
40236,0,2015
40237,0,2015
40238,0,2015
40239,0,2015
40240,0,2015
40242,1,2015
40243,1,2015
40244,1,2015
40245,0,2015
40246,1,2015
40247,0,2015
40248,0,2015
40249,0,2015
40250,0,2015
40251,0,2015
40252,0,2015
40253,0,2015
40254,0,2015
40255,0,2015
40256,0,2015
40257,0,2015
40258,0,2015
40259,0,2015
40260,0,2015
40261,1,2015
40262,0,2015
40263,0,2015
40264,0,2015
40265,0,2015
40266,1,2015
40267,0,2015
40268,0,2015
40269,0,2015
40270,0,2015
40271,0,2015
40272,0,2015
40273,0,2015
40274,0,2015
40275,0,2015
40276,1,2015
40277,0,2015
40278,0,2015
40279,1,2015
40280,0,2015
40281,0,2015
40282,0,2015
40283,0,2015
40284,1,2015
40285,1,2015
40286,0,2015
40287,1,2015
40288,0,2015
40289,0,2015
40290,0,2015
40291,0,2015
40292,0,2015
40293,0,2015
40294,0,2015
40295,0,2015
40296,1,2015
40297,0,2015
40298,0,2015
40299,0,2015
40300,0,2015
40301,0,2015
40302,0,2015
40303,1,2015
40304,0,2015
40305,0,2015
40306,0,2015
40307,1,2015
40308,0,2015
40309,1,2015
40310,1,2015
40311,1,2015
40312,0,2015
40313,0,2015
40314,0,2015
40315,0,2015
40316,0,2015
40317,1,2015
40318,0,2015
40319,1,2015
40320,1,2015
40321,0,2015
40322,0,2015
40323,0,2015
40324,0,2015
40325,0,2015
40326,1,2015
40327,0,2015
40328,0,2015
40329,0,2015
40330,0,2015
40331,0,2015
40332,1,2015
40333,1,2015
40334,0,2015
4001,0,2016
4004,0,2016
4005,0,2016
4006,0,2016
4007,0,2016
4008,0,2016
4009,0,2016
4012,0,2016
4013,0,2016
4016,0,2016
4017,0,2016
4018,0,2016
4019,0,2016
4020,0,2016
4021,0,2016
4022,0,2016
4023,0,2016
4024,0,2016
4025,0,2016
4026,0,2016
4027,0,2016
4028,0,2016
4030,0,2016
4031,0,2016
4032,0,2016
4033,0,2016
4034,0,2016
4035,0,2016
4036,0,2016
4037,0,2016
4039,0,2016
4040,0,2016
4041,0,2016
4042,0,2016
4043,0,2016
4045,0,2016
4046,0,2016
4047,0,2016
4049,0,2016
4050,0,2016
4051,0,2016
4053,0,2016
4054,0,2016
4055,0,2016
4057,0,2016
4058,0,2016
4059,0,2016
4061,0,2016
4062,0,2016
4063,0,2016
4065,0,2016
4066,0,2016
4067,0,2016
4068,0,2016
4069,0,2016
4070,0,2016
4072,0,2016
4073,0,2016
4074,0,2016
4075,0,2016
4076,0,2016
4077,0,2016
4079,0,2016
4081,0,2016
4084,0,2016
4085,0,2016
4086,0,2016
4087,0,2016
4088,0,2016
4090,0,2016
4091,0,2016
4092,0,2016
4093,0,2016
4094,0,2016
4095,0,2016
4096,0,2016
4097,0,2016
4099,0,2016
40001,0,2016
40002,0,2016
40003,0,2016
40004,0,2016
40005,0,2016
40006,0,2016
40007,0,2016
40008,0,2016
40009,0,2016
40011,0,2016
40012,0,2016
40013,0,2016
40014,0,2016
40015,0,2016
40016,0,2016
40017,0,2016
40018,0,2016
40019,0,2016
40020,0,2016
40021,0,2016
40022,0,2016
40023,0,2016
40024,0,2016
40025,0,2016
40026,0,2016
40027,0,2016
40028,0,2016
40029,0,2016
40030,0,2016
40031,0,2016
40032,0,2016
40033,0,2016
40034,0,2016
40035,0,2016
40036,0,2016
40037,0,2016
40038,0,2016
40039,0,2016
40040,0,2016
40041,0,2016
40042,0,2016
40043,1,2016
40044,0,2016
40046,0,2016
40047,0,2016
40048,0,2016
40049,0,2016
40050,0,2016
40051,0,2016
40052,0,2016
40053,1,2016
40054,0,2016
40055,0,2016
40056,0,2016
40057,0,2016
40058,1,2016
40059,0,2016
40060,0,2016
40061,1,2016
40062,0,2016
40063,0,2016
40064,0,2016
40065,0,2016
40066,0,2016
40067,0,2016
40068,0,2016
40069,0,2016
40070,0,2016
40071,0,2016
40072,0,2016
40073,0,2016
40074,0,2016
40075,0,2016
40076,0,2016
40077,0,2016
40078,0,2016
40079,0,2016
40080,0,2016
40081,1,2016
40082,0,2016
40083,0,2016
40084,0,2016
40085,1,2016
40086,0,2016
40087,0,2016
40088,0,2016
40089,0,2016
40090,0,2016
40091,0,2016
40092,0,2016
40093,0,2016
40094,1,2016
40095,0,2016
40096,0,2016
40097,0,2016
40098,0,2016
40099,0,2016
40100,0,2016
40101,0,2016
40102,0,2016
40103,0,2016
40104,0,2016
40105,0,2016
40106,0,2016
40107,0,2016
40108,0,2016
40109,0,2016
40110,0,2016
40111,0,2016
40112,0,2016
40113,0,2016
40114,0,2016
40115,0,2016
40116,0,2016
40117,0,2016
40118,0,2016
40119,0,2016
40120,0,2016
40121,0,2016
40122,0,2016
40123,1,2016
40124,0,2016
40125,0,2016
40126,0,2016
40127,0,2016
40128,0,2016
40129,0,2016
40130,0,2016
40131,0,2016
40132,0,2016
40133,1,2016
40134,0,2016
40135,1,2016
40136,0,2016
40137,0,2016
40138,0,2016
40139,0,2016
40140,0,2016
40141,0,2016
40142,0,2016
40143,0,2016
40144,0,2016
40145,0,2016
40146,0,2016
40147,0,2016
40148,0,2016
40149,1,2016
40150,1,2016
40151,0,2016
40152,0,2016
40153,0,2016
40154,0,2016
40155,1,2016
40156,0,2016
40157,1,2016
40158,0,2016
40159,0,2016
40160,0,2016
40161,0,2016
40162,0,2016
40163,1,2016
40164,1,2016
40165,0,2016
40166,0,2016
40167,1,2016
40168,1,2016
40169,0,2016
40170,0,2016
40171,1,2016
40172,0,2016
40173,0,2016
40174,0,2016
40175,0,2016
40176,0,2016
40177,0,2016
40178,0,2016
40179,0,2016
40180,1,2016
40181,0,2016
40182,0,2016
40183,0,2016
40184,1,2016
40185,0,2016
40186,0,2016
40187,0,2016
40188,0,2016
40189,0,2016
40190,0,2016
40191,0,2016
40192,1,2016
40193,0,2016
40194,0,2016
40195,0,2016
40196,0,2016
40197,0,2016
40198,0,2016
40199,0,2016
40200,0,2016
40201,0,2016
40202,0,2016
40203,0,2016
40204,0,2016
40205,0,2016
40206,0,2016
40207,0,2016
40208,0,2016
40209,0,2016
40210,1,2016
40211,0,2016
40212,0,2016
40213,0,2016
40214,0,2016
40215,0,2016
40216,0,2016
40217,0,2016
40218,0,2016
40219,0,2016
40220,0,2016
40221,0,2016
40222,0,2016
40223,0,2016
40224,0,2016
40225,0,2016
40226,0,2016
40227,1,2016
40228,0,2016
40229,0,2016
40230,0,2016
40231,0,2016
40232,0,2016
40233,0,2016
40234,0,2016
40235,0,2016
40236,0,2016
40237,0,2016
40238,0,2016
40239,0,2016
40240,0,2016
40242,0,2016
40243,0,2016
40244,0,2016
40245,0,2016
40246,1,2016
40247,0,2016
40248,0,2016
40249,0,2016
40250,1,2016
40251,0,2016
40252,0,2016
40253,0,2016
40254,0,2016
40255,0,2016
40256,0,2016
40257,0,2016
40258,1,2016
40259,0,2016
40260,0,2016
40261,0,2016
40262,0,2016
40263,0,2016
40264,0,2016
40265,0,2016
40266,1,2016
40267,1,2016
40268,0,2016
40269,0,2016
40270,0,2016
40271,0,2016
40272,0,2016
40273,0,2016
40274,0,2016
40275,0,2016
40276,0,2016
40277,0,2016
40278,0,2016
40279,1,2016
40280,0,2016
40281,0,2016
40282,0,2016
40283,0,2016
40284,0,2016
40285,0,2016
40286,0,2016
40287,0,2016
40288,0,2016
40289,0,2016
40290,0,2016
40291,0,2016
40292,0,2016
40293,0,2016
40294,0,2016
40295,0,2016
40296,1,2016
40297,1,2016
40298,0,2016
40299,0,2016
40300,0,2016
40301,0,2016
40302,0,2016
40303,1,2016
40304,0,2016
40305,0,2016
40306,0,2016
40307,1,2016
40308,0,2016
40309,0,2016
40310,1,2016
40311,0,2016
40312,0,2016
40313,1,2016
40314,0,2016
40315,0,2016
40316,0,2016
40317,0,2016
40318,0,2016
40319,1,2016
40320,0,2016
40321,0,2016
40322,0,2016
40323,1,2016
40324,0,2016
40325,0,2016
40326,1,2016
40327,0,2016
40328,0,2016
40329,0,2016
40330,0,2016
40331,0,2016
40332,0,2016
40333,0,2016
40334,0,2016
4001,0,2017
4004,0,2017
4005,0,2017
4006,0,2017
4007,0,2017
4008,0,2017
4009,0,2017
4012,0,2017
4013,0,2017
4016,0,2017
4017,0,2017
4018,0,2017
4019,0,2017
4020,0,2017
4021,0,2017
4022,0,2017
4023,0,2017
4024,0,2017
4025,0,2017
4026,0,2017
4027,0,2017
4028,0,2017
4030,0,2017
4031,0,2017
4032,0,2017
4033,0,2017
4034,0,2017
4035,0,2017
4036,0,2017
4037,0,2017
4039,0,2017
4040,0,2017
4041,0,2017
4042,0,2017
4043,0,2017
4045,0,2017
4046,0,2017
4047,0,2017
4049,0,2017
4050,0,2017
4051,0,2017
4053,0,2017
4054,0,2017
4055,0,2017
4057,0,2017
4058,0,2017
4059,0,2017
4061,0,2017
4062,0,2017
4063,0,2017
4065,0,2017
4066,0,2017
4067,0,2017
4068,0,2017
4069,0,2017
4070,0,2017
4072,0,2017
4073,0,2017
4074,0,2017
4075,0,2017
4076,0,2017
4077,0,2017
4079,0,2017
4081,0,2017
4084,0,2017
4085,0,2017
4086,0,2017
4087,0,2017
4088,0,2017
4090,0,2017
4091,0,2017
4092,0,2017
4093,0,2017
4094,0,2017
4095,0,2017
4096,0,2017
4097,0,2017
4099,0,2017
40001,0,2017
40002,0,2017
40003,0,2017
40004,0,2017
40005,0,2017
40006,0,2017
40007,0,2017
40008,0,2017
40009,0,2017
40011,0,2017
40012,0,2017
40013,0,2017
40014,0,2017
40015,0,2017
40016,0,2017
40017,0,2017
40018,0,2017
40019,0,2017
40020,0,2017
40021,0,2017
40022,0,2017
40023,0,2017
40024,0,2017
40025,0,2017
40026,0,2017
40027,0,2017
40028,0,2017
40029,0,2017
40030,0,2017
40031,0,2017
40032,0,2017
40033,0,2017
40034,0,2017
40035,0,2017
40036,0,2017
40037,1,2017
40038,0,2017
40039,0,2017
40040,0,2017
40041,0,2017
40042,0,2017
40043,0,2017
40044,0,2017
40046,1,2017
40047,0,2017
40048,0,2017
40049,0,2017
40050,0,2017
40051,0,2017
40052,0,2017
40053,1,2017
40054,0,2017
40055,0,2017
40056,0,2017
40057,0,2017
40058,0,2017
40059,0,2017
40060,1,2017
40061,0,2017
40062,0,2017
40063,0,2017
40064,0,2017
40065,1,2017
40066,0,2017
40067,0,2017
40068,0,2017
40069,0,2017
40070,0,2017
40071,0,2017
40072,0,2017
40073,0,2017
40074,0,2017
40075,0,2017
40076,0,2017
40077,0,2017
40078,0,2017
40079,0,2017
40080,0,2017
40081,0,2017
40082,0,2017
40083,0,2017
40084,0,2017
40085,0,2017
40086,0,2017
40087,0,2017
40088,0,2017
40089,0,2017
40090,0,2017
40091,0,2017
40092,0,2017
40093,0,2017
40094,0,2017
40095,0,2017
40096,0,2017
40097,0,2017
40098,0,2017
40099,0,2017
40100,0,2017
40101,0,2017
40102,0,2017
40103,0,2017
40104,0,2017
40105,0,2017
40106,0,2017
40107,0,2017
40108,0,2017
40109,0,2017
40110,0,2017
40111,0,2017
40112,0,2017
40113,0,2017
40114,1,2017
40115,0,2017
40116,0,2017
40117,0,2017
40118,0,2017
40119,0,2017
40120,0,2017
40121,0,2017
40122,0,2017
40123,0,2017
40124,0,2017
40125,0,2017
40126,0,2017
40127,0,2017
40128,0,2017
40129,0,2017
40130,0,2017
40131,0,2017
40132,0,2017
40133,0,2017
40134,0,2017
40135,1,2017
40136,0,2017
40137,0,2017
40138,0,2017
40139,0,2017
40140,0,2017
40141,0,2017
40142,1,2017
40143,0,2017
40144,0,2017
40145,0,2017
40146,0,2017
40147,0,2017
40148,0,2017
40149,0,2017
40150,1,2017
40151,0,2017
40152,0,2017
40153,0,2017
40154,0,2017
40155,0,2017
40156,0,2017
40157,0,2017
40158,1,2017
40159,0,2017
40160,0,2017
40161,0,2017
40162,0,2017
40163,0,2017
40164,0,2017
40165,0,2017
40166,0,2017
40167,1,2017
40168,0,2017
40169,0,2017
40170,0,2017
40171,0,2017
40172,0,2017
40173,0,2017
40174,0,2017
40175,0,2017
40176,0,2017
40177,0,2017
40178,0,2017
40179,0,2017
40180,0,2017
40181,1,2017
40182,0,2017
40183,0,2017
40184,1,2017
40185,0,2017
40186,0,2017
40187,1,2017
40188,0,2017
40189,0,2017
40190,0,2017
40191,0,2017
40192,1,2017
40193,0,2017
40194,0,2017
40195,0,2017
40196,0,2017
40197,0,2017
40198,0,2017
40199,0,2017
40200,1,2017
40201,0,2017
40202,0,2017
40203,0,2017
40204,0,2017
40205,0,2017
40206,0,2017
40207,0,2017
40208,0,2017
40209,0,2017
40210,0,2017
40211,0,2017
40212,0,2017
40213,0,2017
40214,0,2017
40215,0,2017
40216,0,2017
40217,1,2017
40218,0,2017
40219,0,2017
40220,0,2017
40221,0,2017
40222,0,2017
40223,0,2017
40224,0,2017
40225,0,2017
40226,0,2017
40227,1,2017
40228,0,2017
40229,0,2017
40230,0,2017
40231,0,2017
40232,0,2017
40233,0,2017
40234,0,2017
40235,0,2017
40236,0,2017
40237,0,2017
40238,0,2017
40239,0,2017
40240,0,2017
40242,0,2017
40243,1,2017
40244,0,2017
40245,0,2017
40246,1,2017
40247,0,2017
40248,0,2017
40249,0,2017
40250,0,2017
40251,0,2017
40252,0,2017
40253,0,2017
40254,0,2017
40255,0,2017
40256,0,2017
40257,0,2017
40258,0,2017
40259,0,2017
40260,0,2017
40261,0,2017
40262,0,2017
40263,0,2017
40264,0,2017
40265,0,2017
40266,0,2017
40267,0,2017
40268,0,2017
40269,0,2017
40270,0,2017
40271,0,2017
40272,0,2017
40273,0,2017
40274,0,2017
40275,0,2017
40276,0,2017
40277,0,2017
40278,0,2017
40279,0,2017
40280,0,2017
40281,0,2017
40282,0,2017
40283,0,2017
40284,0,2017
40285,0,2017
40286,0,2017
40287,0,2017
40288,0,2017
40289,0,2017
40290,0,2017
40291,0,2017
40292,0,2017
40293,0,2017
40294,0,2017
40295,1,2017
40296,0,2017
40297,1,2017
40298,0,2017
40299,0,2017
40300,0,2017
40301,0,2017
40302,0,2017
40303,1,2017
40304,1,2017
40305,0,2017
40306,0,2017
40307,1,2017
40308,0,2017
40309,0,2017
40310,1,2017
40311,0,2017
40312,0,2017
40313,0,2017
40314,0,2017
40315,0,2017
40316,0,2017
40317,0,2017
40318,0,2017
40319,1,2017
40320,0,2017
40321,0,2017
40322,0,2017
40323,0,2017
40324,0,2017
40325,0,2017
40326,0,2017
40327,0,2017
40328,0,2017
40329,0,2017
40330,1,2017
40331,0,2017
40332,1,2017
40333,1,2017
40334,0,2017
4001,0,2018
4004,0,2018
4005,0,2018
4006,0,2018
4007,0,2018
4008,0,2018
4009,0,2018
4012,0,2018
4013,0,2018
4016,0,2018
4017,0,2018
4018,0,2018
4019,0,2018
4020,0,2018
4021,0,2018
4022,0,2018
4023,0,2018
4024,0,2018
4025,0,2018
4026,0,2018
4027,0,2018
4028,0,2018
4030,0,2018
4031,0,2018
4032,0,2018
4033,0,2018
4034,0,2018
4035,0,2018
4036,0,2018
4037,0,2018
4039,0,2018
4040,0,2018
4041,0,2018
4042,0,2018
4043,0,2018
4045,0,2018
4046,0,2018
4047,0,2018
4049,0,2018
4050,0,2018
4051,0,2018
4053,0,2018
4054,0,2018
4055,0,2018
4057,0,2018
4058,0,2018
4059,0,2018
4061,0,2018
4062,0,2018
4063,0,2018
4065,0,2018
4066,0,2018
4067,0,2018
4068,0,2018
4069,0,2018
4070,0,2018
4072,0,2018
4073,0,2018
4074,0,2018
4075,0,2018
4076,0,2018
4077,0,2018
4079,0,2018
4081,0,2018
4084,0,2018
4085,0,2018
4086,0,2018
4087,0,2018
4088,0,2018
4090,0,2018
4091,0,2018
4092,0,2018
4093,0,2018
4094,0,2018
4095,0,2018
4096,0,2018
4097,0,2018
4099,0,2018
40001,0,2018
40002,0,2018
40003,0,2018
40004,0,2018
40005,0,2018
40006,0,2018
40007,0,2018
40008,0,2018
40009,0,2018
40011,0,2018
40012,0,2018
40013,0,2018
40014,0,2018
40015,0,2018
40016,0,2018
40017,0,2018
40018,0,2018
40019,0,2018
40020,0,2018
40021,0,2018
40022,0,2018
40023,0,2018
40024,0,2018
40025,1,2018
40026,0,2018
40027,0,2018
40028,0,2018
40029,0,2018
40030,0,2018
40031,0,2018
40032,0,2018
40033,0,2018
40034,0,2018
40035,0,2018
40036,0,2018
40037,0,2018
40038,0,2018
40039,0,2018
40040,0,2018
40041,0,2018
40042,0,2018
40043,1,2018
40044,0,2018
40046,0,2018
40047,0,2018
40048,0,2018
40049,0,2018
40050,0,2018
40051,0,2018
40052,0,2018
40053,0,2018
40054,0,2018
40055,0,2018
40056,0,2018
40057,0,2018
40058,0,2018
40059,0,2018
40060,0,2018
40061,0,2018
40062,0,2018
40063,0,2018
40064,0,2018
40065,0,2018
40066,0,2018
40067,0,2018
40068,0,2018
40069,0,2018
40070,0,2018
40071,0,2018
40072,0,2018
40073,0,2018
40074,0,2018
40075,0,2018
40076,0,2018
40077,0,2018
40078,0,2018
40079,0,2018
40080,0,2018
40081,0,2018
40082,0,2018
40083,0,2018
40084,0,2018
40085,0,2018
40086,0,2018
40087,0,2018
40088,0,2018
40089,0,2018
40090,0,2018
40091,0,2018
40092,0,2018
40093,0,2018
40094,1,2018
40095,0,2018
40096,0,2018
40097,0,2018
40098,0,2018
40099,0,2018
40100,0,2018
40101,0,2018
40102,0,2018
40103,0,2018
40104,0,2018
40105,0,2018
40106,0,2018
40107,0,2018
40108,0,2018
40109,0,2018
40110,0,2018
40111,1,2018
40112,0,2018
40113,0,2018
40114,0,2018
40115,0,2018
40116,0,2018
40117,0,2018
40118,0,2018
40119,0,2018
40120,0,2018
40121,0,2018
40122,0,2018
40123,0,2018
40124,0,2018
40125,0,2018
40126,0,2018
40127,0,2018
40128,0,2018
40129,0,2018
40130,0,2018
40131,0,2018
40132,0,2018
40133,0,2018
40134,0,2018
40135,0,2018
40136,0,2018
40137,0,2018
40138,0,2018
40139,0,2018
40140,0,2018
40141,0,2018
40142,0,2018
40143,0,2018
40144,0,2018
40145,0,2018
40146,0,2018
40147,0,2018
40148,0,2018
40149,0,2018
40150,0,2018
40151,0,2018
40152,0,2018
40153,0,2018
40154,0,2018
40155,0,2018
40156,0,2018
40157,0,2018
40158,0,2018
40159,0,2018
40160,0,2018
40161,0,2018
40162,0,2018
40163,0,2018
40164,0,2018
40165,0,2018
40166,0,2018
40167,1,2018
40168,0,2018
40169,1,2018
40170,0,2018
40171,0,2018
40172,0,2018
40173,0,2018
40174,0,2018
40175,0,2018
40176,0,2018
40177,0,2018
40178,0,2018
40179,0,2018
40180,0,2018
40181,0,2018
40182,0,2018
40183,0,2018
40184,1,2018
40185,0,2018
40186,0,2018
40187,0,2018
40188,0,2018
40189,0,2018
40190,0,2018
40191,0,2018
40192,0,2018
40193,0,2018
40194,0,2018
40195,0,2018
40196,0,2018
40197,1,2018
40198,0,2018
40199,0,2018
40200,0,2018
40201,0,2018
40202,0,2018
40203,0,2018
40204,0,2018
40205,0,2018
40206,0,2018
40207,0,2018
40208,0,2018
40209,0,2018
40210,0,2018
40211,0,2018
40212,0,2018
40213,0,2018
40214,0,2018
40215,0,2018
40216,0,2018
40217,1,2018
40218,0,2018
40219,0,2018
40220,0,2018
40221,0,2018
40222,0,2018
40223,0,2018
40224,0,2018
40225,0,2018
40226,0,2018
40227,0,2018
40228,1,2018
40229,0,2018
40230,0,2018
40231,0,2018
40232,0,2018
40233,0,2018
40234,0,2018
40235,0,2018
40236,0,2018
40237,0,2018
40238,0,2018
40239,0,2018
40240,0,2018
40242,0,2018
40243,1,2018
40244,0,2018
40245,0,2018
40246,0,2018
40247,0,2018
40248,0,2018
40249,0,2018
40250,0,2018
40251,0,2018
40252,0,2018
40253,0,2018
40254,0,2018
40255,0,2018
40256,0,2018
40257,0,2018
40258,0,2018
40259,0,2018
40260,0,2018
40261,0,2018
40262,0,2018
40263,0,2018
40264,0,2018
40265,0,2018
40266,0,2018
40267,1,2018
40268,0,2018
40269,0,2018
40270,0,2018
40271,0,2018
40272,0,2018
40273,0,2018
40274,1,2018
40275,0,2018
40276,0,2018
40277,0,2018
40278,0,2018
40279,0,2018
40280,0,2018
40281,0,2018
40282,0,2018
40283,0,2018
40284,0,2018
40285,0,2018
40286,0,2018
40287,0,2018
40288,0,2018
40289,0,2018
40290,0,2018
40291,0,2018
40292,0,2018
40293,0,2018
40294,0,2018
40295,0,2018
40296,0,2018
40297,0,2018
40298,0,2018
40299,0,2018
40300,0,2018
40301,0,2018
40302,0,2018
40303,0,2018
40304,0,2018
40305,0,2018
40306,0,2018
40307,0,2018
40308,0,2018
40309,0,2018
40310,0,2018
40311,0,2018
40312,0,2018
40313,0,2018
40314,0,2018
40315,0,2018
40316,0,2018
40317,0,2018
40318,0,2018
40319,0,2018
40320,0,2018
40321,0,2018
40322,0,2018
40323,0,2018
40324,0,2018
40325,0,2018
40326,1,2018
40327,0,2018
40328,0,2018
40329,0,2018
40330,0,2018
40331,1,2018
40332,0,2018
40333,0,2018
40334,0,2018
4001,0,2019
4004,0,2019
4005,0,2019
4006,0,2019
4007,0,2019
4008,0,2019
4009,0,2019
4012,0,2019
4013,0,2019
4016,0,2019
4017,0,2019
4018,0,2019
4019,0,2019
4020,0,2019
4021,0,2019
4022,0,2019
4023,0,2019
4024,0,2019
4025,0,2019
4026,0,2019
4027,0,2019
4028,0,2019
4030,0,2019
4031,0,2019
4032,0,2019
4033,0,2019
4034,0,2019
4035,0,2019
4036,0,2019
4037,0,2019
4039,0,2019
4040,0,2019
4041,0,2019
4042,0,2019
4043,0,2019
4045,0,2019
4046,0,2019
4047,0,2019
4049,0,2019
4050,0,2019
4051,0,2019
4053,0,2019
4054,0,2019
4055,0,2019
4057,0,2019
4058,0,2019
4059,0,2019
4061,0,2019
4062,0,2019
4063,0,2019
4065,0,2019
4066,0,2019
4067,0,2019
4068,0,2019
4069,0,2019
4070,0,2019
4072,0,2019
4073,0,2019
4074,0,2019
4075,0,2019
4076,0,2019
4077,0,2019
4079,0,2019
4081,0,2019
4084,0,2019
4085,0,2019
4086,0,2019
4087,0,2019
4088,0,2019
4090,0,2019
4091,0,2019
4092,0,2019
4093,0,2019
4094,0,2019
4095,0,2019
4096,0,2019
4097,0,2019
4099,0,2019
40001,0,2019
40002,0,2019
40003,0,2019
40004,0,2019
40005,0,2019
40006,0,2019
40007,0,2019
40008,0,2019
40009,0,2019
40011,0,2019
40012,0,2019
40013,0,2019
40014,0,2019
40015,0,2019
40016,0,2019
40017,0,2019
40018,0,2019
40019,0,2019
40020,0,2019
40021,0,2019
40022,0,2019
40023,0,2019
40024,0,2019
40025,0,2019
40026,0,2019
40027,0,2019
40028,0,2019
40029,0,2019
40030,0,2019
40031,0,2019
40032,0,2019
40033,0,2019
40034,0,2019
40035,0,2019
40036,0,2019
40037,0,2019
40038,0,2019
40039,0,2019
40040,1,2019
40041,0,2019
40042,0,2019
40043,0,2019
40044,0,2019
40046,1,2019
40047,0,2019
40048,0,2019
40049,0,2019
40050,0,2019
40051,0,2019
40052,0,2019
40053,0,2019
40054,0,2019
40055,0,2019
40056,0,2019
40057,0,2019
40058,0,2019
40059,0,2019
40060,0,2019
40061,0,2019
40062,0,2019
40063,0,2019
40064,0,2019
40065,0,2019
40066,0,2019
40067,0,2019
40068,0,2019
40069,0,2019
40070,0,2019
40071,0,2019
40072,0,2019
40073,0,2019
40074,0,2019
40075,1,2019
40076,0,2019
40077,0,2019
40078,0,2019
40079,0,2019
40080,0,2019
40081,0,2019
40082,0,2019
40083,0,2019
40084,0,2019
40085,1,2019
40086,0,2019
40087,0,2019
40088,0,2019
40089,0,2019
40090,0,2019
40091,0,2019
40092,0,2019
40093,0,2019
40094,1,2019
40095,0,2019
40096,0,2019
40097,0,2019
40098,0,2019
40099,0,2019
40100,0,2019
40101,0,2019
40102,0,2019
40103,0,2019
40104,0,2019
40105,1,2019
40106,0,2019
40107,0,2019
40108,0,2019
40109,0,2019
40110,0,2019
40111,0,2019
40112,0,2019
40113,0,2019
40114,0,2019
40115,0,2019
40116,0,2019
40117,0,2019
40118,0,2019
40119,0,2019
40120,0,2019
40121,0,2019
40122,0,2019
40123,0,2019
40124,0,2019
40125,0,2019
40126,0,2019
40127,0,2019
40128,0,2019
40129,1,2019
40130,0,2019
40131,0,2019
40132,0,2019
40133,0,2019
40134,1,2019
40135,0,2019
40136,0,2019
40137,0,2019
40138,0,2019
40139,0,2019
40140,0,2019
40141,0,2019
40142,0,2019
40143,0,2019
40144,0,2019
40145,0,2019
40146,0,2019
40147,0,2019
40148,0,2019
40149,0,2019
40150,1,2019
40151,0,2019
40152,1,2019
40153,0,2019
40154,0,2019
40155,1,2019
40156,0,2019
40157,0,2019
40158,0,2019
40159,0,2019
40160,0,2019
40161,0,2019
40162,0,2019
40163,1,2019
40164,0,2019
40165,0,2019
40166,0,2019
40167,0,2019
40168,1,2019
40169,0,2019
40170,0,2019
40171,0,2019
40172,0,2019
40173,0,2019
40174,0,2019
40175,0,2019
40176,0,2019
40177,0,2019
40178,0,2019
40179,0,2019
40180,0,2019
40181,0,2019
40182,0,2019
40183,0,2019
40184,0,2019
40185,0,2019
40186,0,2019
40187,0,2019
40188,0,2019
40189,0,2019
40190,0,2019
40191,0,2019
40192,0,2019
40193,0,2019
40194,0,2019
40195,0,2019
40196,0,2019
40197,0,2019
40198,0,2019
40199,0,2019
40200,0,2019
40201,0,2019
40202,0,2019
40203,0,2019
40204,0,2019
40205,0,2019
40206,0,2019
40207,0,2019
40208,0,2019
40209,0,2019
40210,0,2019
40211,0,2019
40212,1,2019
40213,0,2019
40214,0,2019
40215,0,2019
40216,0,2019
40217,1,2019
40218,0,2019
40219,0,2019
40220,0,2019
40221,0,2019
40222,0,2019
40223,0,2019
40224,0,2019
40225,0,2019
40226,0,2019
40227,1,2019
40228,0,2019
40229,1,2019
40230,0,2019
40231,0,2019
40232,0,2019
40233,0,2019
40234,0,2019
40235,0,2019
40236,0,2019
40237,0,2019
40238,0,2019
40239,0,2019
40240,0,2019
40242,0,2019
40243,0,2019
40244,0,2019
40245,0,2019
40246,1,2019
40247,0,2019
40248,0,2019
40249,0,2019
40250,0,2019
40251,0,2019
40252,0,2019
40253,0,2019
40254,0,2019
40255,0,2019
40256,0,2019
40257,0,2019
40258,0,2019
40259,0,2019
40260,0,2019
40261,0,2019
40262,0,2019
40263,0,2019
40264,0,2019
40265,0,2019
40266,0,2019
40267,0,2019
40268,0,2019
40269,0,2019
40270,0,2019
40271,0,2019
40272,0,2019
40273,0,2019
40274,0,2019
40275,0,2019
40276,0,2019
40277,0,2019
40278,0,2019
40279,1,2019
40280,0,2019
40281,0,2019
40282,0,2019
40283,0,2019
40284,1,2019
40285,0,2019
40286,0,2019
40287,1,2019
40288,0,2019
40289,0,2019
40290,0,2019
40291,0,2019
40292,0,2019
40293,0,2019
40294,0,2019
40295,1,2019
40296,0,2019
40297,0,2019
40298,0,2019
40299,0,2019
40300,0,2019
40301,0,2019
40302,0,2019
40303,0,2019
40304,0,2019
40305,0,2019
40306,0,2019
40307,1,2019
40308,0,2019
40309,0,2019
40310,0,2019
40311,0,2019
40312,0,2019
40313,0,2019
40314,0,2019
40315,0,2019
40316,1,2019
40317,0,2019
40318,0,2019
40319,0,2019
40320,0,2019
40321,0,2019
40322,0,2019
40323,0,2019
40324,0,2019
40325,0,2019
40326,1,2019
40327,0,2019
40328,0,2019
40329,0,2019
40330,0,2019
40331,0,2019
40332,1,2019
40333,0,2019
40334,0,2019
4001,0,2020
4004,0,2020
4005,0,2020
4006,0,2020
4007,0,2020
4008,0,2020
4009,0,2020
4012,0,2020
4013,0,2020
4016,0,2020
4017,0,2020
4018,0,2020
4019,0,2020
4020,0,2020
4021,0,2020
4022,0,2020
4023,0,2020
4024,0,2020
4025,0,2020
4026,0,2020
4027,0,2020
4028,0,2020
4030,0,2020
4031,0,2020
4032,0,2020
4033,0,2020
4034,0,2020
4035,0,2020
4036,0,2020
4037,0,2020
4039,0,2020
4040,0,2020
4041,0,2020
4042,0,2020
4043,0,2020
4045,0,2020
4046,0,2020
4047,0,2020
4049,0,2020
4050,0,2020
4051,0,2020
4053,0,2020
4054,0,2020
4055,0,2020
4057,0,2020
4058,0,2020
4059,0,2020
4061,0,2020
4062,0,2020
4063,0,2020
4065,0,2020
4066,0,2020
4067,0,2020
4068,0,2020
4069,0,2020
4070,0,2020
4072,0,2020
4073,0,2020
4074,0,2020
4075,0,2020
4076,0,2020
4077,0,2020
4079,0,2020
4081,0,2020
4084,0,2020
4085,0,2020
4086,0,2020
4087,0,2020
4088,0,2020
4090,0,2020
4091,0,2020
4092,0,2020
4093,0,2020
4094,0,2020
4095,0,2020
4096,0,2020
4097,0,2020
4099,0,2020
40001,0,2020
40002,0,2020
40003,0,2020
40004,0,2020
40005,0,2020
40006,1,2020
40007,0,2020
40008,0,2020
40009,0,2020
40011,0,2020
40012,0,2020
40013,0,2020
40014,0,2020
40015,0,2020
40016,0,2020
40017,0,2020
40018,0,2020
40019,0,2020
40020,0,2020
40021,0,2020
40022,0,2020
40023,0,2020
40024,0,2020
40025,0,2020
40026,0,2020
40027,0,2020
40028,0,2020
40029,0,2020
40030,0,2020
40031,0,2020
40032,0,2020
40033,0,2020
40034,0,2020
40035,0,2020
40036,0,2020
40037,0,2020
40038,0,2020
40039,0,2020
40040,0,2020
40041,0,2020
40042,0,2020
40043,0,2020
40044,0,2020
40046,1,2020
40047,0,2020
40048,0,2020
40049,0,2020
40050,0,2020
40051,0,2020
40052,0,2020
40053,0,2020
40054,0,2020
40055,0,2020
40056,1,2020
40057,0,2020
40058,0,2020
40059,0,2020
40060,1,2020
40061,1,2020
40062,0,2020
40063,0,2020
40064,0,2020
40065,0,2020
40066,0,2020
40067,0,2020
40068,0,2020
40069,0,2020
40070,0,2020
40071,0,2020
40072,0,2020
40073,0,2020
40074,0,2020
40075,0,2020
40076,0,2020
40077,0,2020
40078,0,2020
40079,0,2020
40080,0,2020
40081,0,2020
40082,0,2020
40083,0,2020
40084,0,2020
40085,0,2020
40086,0,2020
40087,0,2020
40088,0,2020
40089,0,2020
40090,0,2020
40091,0,2020
40092,0,2020
40093,0,2020
40094,1,2020
40095,0,2020
40096,0,2020
40097,0,2020
40098,0,2020
40099,0,2020
40100,0,2020
40101,0,2020
40102,0,2020
40103,0,2020
40104,0,2020
40105,0,2020
40106,0,2020
40107,0,2020
40108,0,2020
40109,1,2020
40110,0,2020
40111,1,2020
40112,0,2020
40113,0,2020
40114,1,2020
40115,0,2020
40116,0,2020
40117,0,2020
40118,0,2020
40119,0,2020
40120,0,2020
40121,0,2020
40122,0,2020
40123,1,2020
40124,0,2020
40125,0,2020
40126,0,2020
40127,0,2020
40128,0,2020
40129,0,2020
40130,0,2020
40131,0,2020
40132,0,2020
40133,0,2020
40134,1,2020
40135,0,2020
40136,0,2020
40137,0,2020
40138,0,2020
40139,0,2020
40140,0,2020
40141,0,2020
40142,0,2020
40143,0,2020
40144,0,2020
40145,0,2020
40146,0,2020
40147,0,2020
40148,0,2020
40149,0,2020
40150,0,2020
40151,0,2020
40152,1,2020
40153,0,2020
40154,0,2020
40155,1,2020
40156,0,2020
40157,1,2020
40158,1,2020
40159,0,2020
40160,0,2020
40161,0,2020
40162,1,2020
40163,1,2020
40164,1,2020
40165,0,2020
40166,0,2020
40167,1,2020
40168,0,2020
40169,1,2020
40170,0,2020
40171,0,2020
40172,0,2020
40173,0,2020
40174,0,2020
40175,0,2020
40176,0,2020
40177,0,2020
40178,0,2020
40179,0,2020
40180,0,2020
40181,0,2020
40182,0,2020
40183,0,2020
40184,1,2020
40185,0,2020
40186,0,2020
40187,0,2020
40188,0,2020
40189,0,2020
40190,0,2020
40191,0,2020
40192,1,2020
40193,0,2020
40194,0,2020
40195,0,2020
40196,0,2020
40197,1,2020
40198,0,2020
40199,0,2020
40200,0,2020
40201,0,2020
40202,0,2020
40203,0,2020
40204,0,2020
40205,0,2020
40206,0,2020
40207,0,2020
40208,0,2020
40209,0,2020
40210,0,2020
40211,0,2020
40212,0,2020
40213,0,2020
40214,0,2020
40215,1,2020
40216,0,2020
40217,0,2020
40218,0,2020
40219,0,2020
40220,0,2020
40221,0,2020
40222,0,2020
40223,0,2020
40224,0,2020
40225,0,2020
40226,0,2020
40227,0,2020
40228,0,2020
40229,1,2020
40230,0,2020
40231,0,2020
40232,0,2020
40233,0,2020
40234,0,2020
40235,0,2020
40236,0,2020
40237,0,2020
40238,0,2020
40239,0,2020
40240,0,2020
40242,0,2020
40243,0,2020
40244,0,2020
40245,0,2020
40246,1,2020
40247,0,2020
40248,0,2020
40249,0,2020
40250,0,2020
40251,0,2020
40252,0,2020
40253,0,2020
40254,0,2020
40255,0,2020
40256,0,2020
40257,0,2020
40258,0,2020
40259,0,2020
40260,0,2020
40261,0,2020
40262,0,2020
40263,0,2020
40264,0,2020
40265,0,2020
40266,0,2020
40267,0,2020
40268,0,2020
40269,0,2020
40270,0,2020
40271,0,2020
40272,0,2020
40273,0,2020
40274,1,2020
40275,0,2020
40276,0,2020
40277,0,2020
40278,0,2020
40279,0,2020
40280,1,2020
40281,0,2020
40282,0,2020
40283,0,2020
40284,0,2020
40285,0,2020
40286,0,2020
40287,1,2020
40288,0,2020
40289,0,2020
40290,0,2020
40291,0,2020
40292,0,2020
40293,0,2020
40294,0,2020
40295,0,2020
40296,1,2020
40297,0,2020
40298,0,2020
40299,0,2020
40300,0,2020
40301,0,2020
40302,0,2020
40303,0,2020
40304,0,2020
40305,0,2020
40306,0,2020
40307,1,2020
40308,1,2020
40309,0,2020
40310,1,2020
40311,1,2020
40312,0,2020
40313,0,2020
40314,0,2020
40315,0,2020
40316,0,2020
40317,0,2020
40318,0,2020
40319,1,2020
40320,0,2020
40321,0,2020
40322,0,2020
40323,0,2020
40324,0,2020
40325,0,2020
40326,1,2020
40327,0,2020
40328,0,2020
40329,0,2020
40330,0,2020
40331,0,2020
40332,1,2020
40333,0,2020
40334,0,2020
4001,0,2021
4004,0,2021
4005,0,2021
4006,0,2021
4007,0,2021
4008,0,2021
4009,0,2021
4012,0,2021
4013,0,2021
4016,0,2021
4017,0,2021
4018,0,2021
4019,0,2021
4020,0,2021
4021,0,2021
4022,0,2021
4023,0,2021
4024,0,2021
4025,0,2021
4026,0,2021
4027,0,2021
4028,0,2021
4030,0,2021
4031,0,2021
4032,0,2021
4033,0,2021
4034,0,2021
4035,0,2021
4036,0,2021
4037,0,2021
4039,0,2021
4040,0,2021
4041,0,2021
4042,0,2021
4043,0,2021
4045,0,2021
4046,0,2021
4047,0,2021
4049,0,2021
4050,0,2021
4051,0,2021
4053,0,2021
4054,0,2021
4055,0,2021
4057,0,2021
4058,0,2021
4059,0,2021
4061,0,2021
4062,0,2021
4063,0,2021
4065,0,2021
4066,0,2021
4067,0,2021
4068,0,2021
4069,0,2021
4070,0,2021
4072,0,2021
4073,0,2021
4074,0,2021
4075,0,2021
4076,0,2021
4077,0,2021
4079,0,2021
4081,0,2021
4084,0,2021
4085,0,2021
4086,0,2021
4087,0,2021
4088,0,2021
4090,0,2021
4091,0,2021
4092,0,2021
4093,0,2021
4094,0,2021
4095,0,2021
4096,0,2021
4097,0,2021
4099,0,2021
40001,0,2021
40002,0,2021
40003,0,2021
40004,0,2021
40005,0,2021
40006,0,2021
40007,0,2021
40008,0,2021
40009,0,2021
40011,0,2021
40012,0,2021
40013,0,2021
40014,0,2021
40015,0,2021
40016,0,2021
40017,0,2021
40018,0,2021
40019,0,2021
40020,0,2021
40021,0,2021
40022,0,2021
40023,0,2021
40024,0,2021
40025,0,2021
40026,0,2021
40027,0,2021
40028,0,2021
40029,0,2021
40030,0,2021
40031,0,2021
40032,0,2021
40033,0,2021
40034,1,2021
40035,0,2021
40036,0,2021
40037,0,2021
40038,0,2021
40039,0,2021
40040,0,2021
40041,0,2021
40042,0,2021
40043,0,2021
40044,0,2021
40046,1,2021
40047,0,2021
40048,0,2021
40049,0,2021
40050,0,2021
40051,0,2021
40052,0,2021
40053,0,2021
40054,0,2021
40055,0,2021
40056,0,2021
40057,0,2021
40058,0,2021
40059,0,2021
40060,0,2021
40061,0,2021
40062,0,2021
40063,0,2021
40064,1,2021
40065,0,2021
40066,0,2021
40067,0,2021
40068,0,2021
40069,0,2021
40070,0,2021
40071,0,2021
40072,0,2021
40073,0,2021
40074,0,2021
40075,0,2021
40076,0,2021
40077,0,2021
40078,0,2021
40079,0,2021
40080,0,2021
40081,1,2021
40082,0,2021
40083,0,2021
40084,0,2021
40085,0,2021
40086,0,2021
40087,0,2021
40088,0,2021
40089,0,2021
40090,0,2021
40091,0,2021
40092,0,2021
40093,0,2021
40094,1,2021
40095,0,2021
40096,0,2021
40097,0,2021
40098,0,2021
40099,0,2021
40100,0,2021
40101,0,2021
40102,0,2021
40103,0,2021
40104,0,2021
40105,0,2021
40106,0,2021
40107,0,2021
40108,0,2021
40109,0,2021
40110,0,2021
40111,0,2021
40112,0,2021
40113,0,2021
40114,0,2021
40115,0,2021
40116,0,2021
40117,0,2021
40118,0,2021
40119,0,2021
40120,0,2021
40121,0,2021
40122,0,2021
40123,0,2021
40124,0,2021
40125,0,2021
40126,0,2021
40127,0,2021
40128,0,2021
40129,0,2021
40130,0,2021
40131,0,2021
40132,0,2021
40133,0,2021
40134,0,2021
40135,0,2021
40136,0,2021
40137,0,2021
40138,0,2021
40139,0,2021
40140,0,2021
40141,0,2021
40142,0,2021
40143,0,2021
40144,0,2021
40145,0,2021
40146,0,2021
40147,0,2021
40148,0,2021
40149,0,2021
40150,0,2021
40151,0,2021
40152,1,2021
40153,0,2021
40154,0,2021
40155,0,2021
40156,0,2021
40157,0,2021
40158,0,2021
40159,0,2021
40160,0,2021
40161,0,2021
40162,0,2021
40163,1,2021
40164,0,2021
40165,0,2021
40166,0,2021
40167,1,2021
40168,0,2021
40169,0,2021
40170,0,2021
40171,0,2021
40172,0,2021
40173,0,2021
40174,0,2021
40175,0,2021
40176,0,2021
40177,0,2021
40178,0,2021
40179,0,2021
40180,0,2021
40181,0,2021
40182,0,2021
40183,0,2021
40184,1,2021
40185,0,2021
40186,0,2021
40187,0,2021
40188,0,2021
40189,0,2021
40190,0,2021
40191,0,2021
40192,0,2021
40193,0,2021
40194,0,2021
40195,0,2021
40196,0,2021
40197,1,2021
40198,0,2021
40199,0,2021
40200,1,2021
40201,0,2021
40202,0,2021
40203,0,2021
40204,0,2021
40205,0,2021
40206,0,2021
40207,0,2021
40208,0,2021
40209,0,2021
40210,1,2021
40211,0,2021
40212,0,2021
40213,0,2021
40214,0,2021
40215,0,2021
40216,0,2021
40217,0,2021
40218,0,2021
40219,0,2021
40220,0,2021
40221,0,2021
40222,1,2021
40223,0,2021
40224,0,2021
40225,0,2021
40226,0,2021
40227,0,2021
40228,0,2021
40229,0,2021
40230,1,2021
40231,0,2021
40232,0,2021
40233,0,2021
40234,0,2021
40235,0,2021
40236,0,2021
40237,0,2021
40238,0,2021
40239,0,2021
40240,0,2021
40242,0,2021
40243,1,2021
40244,0,2021
40245,0,2021
40246,0,2021
40247,0,2021
40248,0,2021
40249,0,2021
40250,0,2021
40251,0,2021
40252,0,2021
40253,0,2021
40254,0,2021
40255,0,2021
40256,0,2021
40257,0,2021
40258,0,2021
40259,0,2021
40260,0,2021
40261,0,2021
40262,0,2021
40263,0,2021
40264,0,2021
40265,0,2021
40266,0,2021
40267,0,2021
40268,0,2021
40269,0,2021
40270,0,2021
40271,0,2021
40272,0,2021
40273,0,2021
40274,0,2021
40275,0,2021
40276,0,2021
40277,0,2021
40278,0,2021
40279,0,2021
40280,0,2021
40281,1,2021
40282,0,2021
40283,0,2021
40284,0,2021
40285,0,2021
40286,0,2021
40287,0,2021
40288,0,2021
40289,0,2021
40290,0,2021
40291,0,2021
40292,0,2021
40293,0,2021
40294,0,2021
40295,0,2021
40296,1,2021
40297,0,2021
40298,0,2021
40299,0,2021
40300,0,2021
40301,0,2021
40302,0,2021
40303,0,2021
40304,0,2021
40305,0,2021
40306,0,2021
40307,0,2021
40308,0,2021
40309,0,2021
40310,0,2021
40311,0,2021
40312,0,2021
40313,0,2021
40314,0,2021
40315,0,2021
40316,0,2021
40317,0,2021
40318,0,2021
40319,0,2021
40320,0,2021
40321,0,2021
40322,0,2021
40323,0,2021
40324,0,2021
40325,0,2021
40326,0,2021
40327,0,2021
40328,0,2021
40329,0,2021
40330,0,2021
40331,0,2021
40332,0,2021
40333,0,2021
40334,0,2021
4001,0,2022
4004,0,2022
4005,0,2022
4006,0,2022
4007,0,2022
4008,0,2022
4009,0,2022
4012,0,2022
4013,0,2022
4016,0,2022
4017,0,2022
4018,0,2022
4019,0,2022
4020,0,2022
4021,0,2022
4022,0,2022
4023,0,2022
4024,0,2022
4025,0,2022
4026,0,2022
4027,0,2022
4028,0,2022
4030,0,2022
4031,0,2022
4032,0,2022
4033,0,2022
4034,0,2022
4035,0,2022
4036,0,2022
4037,0,2022
4039,0,2022
4040,0,2022
4041,0,2022
4042,0,2022
4043,0,2022
4045,0,2022
4046,0,2022
4047,0,2022
4049,0,2022
4050,0,2022
4051,0,2022
4053,0,2022
4054,0,2022
4055,0,2022
4057,0,2022
4058,0,2022
4059,0,2022
4061,0,2022
4062,0,2022
4063,0,2022
4065,0,2022
4066,0,2022
4067,0,2022
4068,0,2022
4069,0,2022
4070,0,2022
4072,0,2022
4073,0,2022
4074,0,2022
4075,0,2022
4076,0,2022
4077,0,2022
4079,0,2022
4081,0,2022
4084,0,2022
4085,0,2022
4086,0,2022
4087,0,2022
4088,0,2022
4090,0,2022
4091,0,2022
4092,0,2022
4093,0,2022
4094,0,2022
4095,0,2022
4096,0,2022
4097,0,2022
4099,0,2022
40001,0,2022
40002,0,2022
40003,0,2022
40004,0,2022
40005,0,2022
40006,0,2022
40007,0,2022
40008,0,2022
40009,0,2022
40011,0,2022
40012,0,2022
40013,0,2022
40014,1,2022
40015,0,2022
40016,0,2022
40017,0,2022
40018,0,2022
40019,0,2022
40020,0,2022
40021,0,2022
40022,0,2022
40023,0,2022
40024,0,2022
40025,0,2022
40026,0,2022
40027,0,2022
40028,0,2022
40029,0,2022
40030,0,2022
40031,0,2022
40032,0,2022
40033,0,2022
40034,1,2022
40035,0,2022
40036,0,2022
40037,0,2022
40038,0,2022
40039,0,2022
40040,0,2022
40041,1,2022
40042,0,2022
40043,0,2022
40044,0,2022
40046,1,2022
40047,0,2022
40048,0,2022
40049,0,2022
40050,0,2022
40051,1,2022
40052,0,2022
40053,0,2022
40054,0,2022
40055,0,2022
40056,1,2022
40057,0,2022
40058,0,2022
40059,0,2022
40060,0,2022
40061,0,2022
40062,0,2022
40063,0,2022
40064,0,2022
40065,0,2022
40066,1,2022
40067,0,2022
40068,0,2022
40069,0,2022
40070,0,2022
40071,0,2022
40072,0,2022
40073,0,2022
40074,0,2022
40075,1,2022
40076,0,2022
40077,0,2022
40078,0,2022
40079,0,2022
40080,0,2022
40081,0,2022
40082,0,2022
40083,0,2022
40084,0,2022
40085,0,2022
40086,0,2022
40087,1,2022
40088,0,2022
40089,0,2022
40090,0,2022
40091,0,2022
40092,0,2022
40093,0,2022
40094,0,2022
40095,0,2022
40096,1,2022
40097,0,2022
40098,0,2022
40099,0,2022
40100,0,2022
40101,0,2022
40102,0,2022
40103,0,2022
40104,0,2022
40105,1,2022
40106,0,2022
40107,0,2022
40108,0,2022
40109,0,2022
40110,0,2022
40111,0,2022
40112,0,2022
40113,0,2022
40114,1,2022
40115,0,2022
40116,0,2022
40117,0,2022
40118,0,2022
40119,0,2022
40120,0,2022
40121,0,2022
40122,0,2022
40123,1,2022
40124,0,2022
40125,0,2022
40126,0,2022
40127,0,2022
40128,0,2022
40129,0,2022
40130,0,2022
40131,0,2022
40132,0,2022
40133,0,2022
40134,1,2022
40135,1,2022
40136,0,2022
40137,0,2022
40138,0,2022
40139,0,2022
40140,0,2022
40141,0,2022
40142,1,2022
40143,0,2022
40144,0,2022
40145,0,2022
40146,0,2022
40147,0,2022
40148,0,2022
40149,1,2022
40150,0,2022
40151,1,2022
40152,1,2022
40153,0,2022
40154,0,2022
40155,0,2022
40156,0,2022
40157,0,2022
40158,1,2022
40159,0,2022
40160,0,2022
40161,1,2022
40162,0,2022
40163,0,2022
40164,1,2022
40165,0,2022
40166,0,2022
40167,0,2022
40168,1,2022
40169,1,2022
40170,0,2022
40171,1,2022
40172,0,2022
40173,0,2022
40174,0,2022
40175,0,2022
40176,0,2022
40177,0,2022
40178,0,2022
40179,0,2022
40180,1,2022
40181,0,2022
40182,0,2022
40183,0,2022
40184,1,2022
40185,0,2022
40186,0,2022
40187,0,2022
40188,0,2022
40189,0,2022
40190,0,2022
40191,0,2022
40192,1,2022
40193,0,2022
40194,0,2022
40195,0,2022
40196,0,2022
40197,1,2022
40198,0,2022
40199,0,2022
40200,1,2022
40201,0,2022
40202,0,2022
40203,0,2022
40204,0,2022
40205,0,2022
40206,0,2022
40207,0,2022
40208,0,2022
40209,0,2022
40210,1,2022
40211,0,2022
40212,0,2022
40213,0,2022
40214,0,2022
40215,0,2022
40216,0,2022
40217,1,2022
40218,0,2022
40219,0,2022
40220,0,2022
40221,0,2022
40222,0,2022
40223,0,2022
40224,0,2022
40225,0,2022
40226,0,2022
40227,1,2022
40228,0,2022
40229,0,2022
40230,0,2022
40231,0,2022
40232,0,2022
40233,0,2022
40234,0,2022
40235,0,2022
40236,0,2022
40237,0,2022
40238,0,2022
40239,0,2022
40240,0,2022
40242,0,2022
40243,1,2022
40244,1,2022
40245,0,2022
40246,1,2022
40247,0,2022
40248,0,2022
40249,0,2022
40250,0,2022
40251,0,2022
40252,0,2022
40253,0,2022
40254,0,2022
40255,0,2022
40256,0,2022
40257,0,2022
40258,0,2022
40259,0,2022
40260,0,2022
40261,0,2022
40262,1,2022
40263,0,2022
40264,0,2022
40265,0,2022
40266,1,2022
40267,1,2022
40268,0,2022
40269,0,2022
40270,0,2022
40271,0,2022
40272,0,2022
40273,0,2022
40274,0,2022
40275,0,2022
40276,0,2022
40277,0,2022
40278,0,2022
40279,0,2022
40280,0,2022
40281,0,2022
40282,0,2022
40283,0,2022
40284,0,2022
40285,0,2022
40286,0,2022
40287,1,2022
40288,0,2022
40289,0,2022
40290,0,2022
40291,0,2022
40292,0,2022
40293,0,2022
40294,0,2022
40295,1,2022
40296,0,2022
40297,0,2022
40298,0,2022
40299,0,2022
40300,0,2022
40301,0,2022
40302,0,2022
40303,1,2022
40304,1,2022
40305,0,2022
40306,0,2022
40307,1,2022
40308,0,2022
40309,0,2022
40310,0,2022
40311,0,2022
40312,0,2022
40313,0,2022
40314,0,2022
40315,0,2022
40316,0,2022
40317,0,2022
40318,0,2022
40319,0,2022
40320,0,2022
40321,0,2022
40322,0,2022
40323,1,2022
40324,0,2022
40325,0,2022
40326,0,2022
40327,1,2022
40328,0,2022
40329,0,2022
40330,0,2022
40331,1,2022
40332,1,2022
40333,0,2022
40334,0,2022
